Assembly Accession	Assembly-unit accession	Chromosome name	GC Count	GC Percent	GenBank seq accession	Molecule type	Ordering	RefSeq seq accession	Role	Seq length	UCSC style name	Unlocalized Count	Sequence name
GCA_964194185.1	Primary Assembly	1	42609102	38.5	OZ077418.1	Chromosome			assembled-molecule	111159527			SUPER_1
GCA_964194185.1	Primary Assembly	2	42087098	38	OZ077419.1	Chromosome			assembled-molecule	110869238			SUPER_2
GCA_964194185.1	Primary Assembly	3	42027462	38.5	OZ077420.1	Chromosome			assembled-molecule	109180584			SUPER_3
GCA_964194185.1	Primary Assembly	4	40592468	37.5	OZ077421.1	Chromosome			assembled-molecule	107823217			SUPER_4
GCA_964194185.1	Primary Assembly	5	41752679	40.5	OZ077422.1	Chromosome			assembled-molecule	102778299			SUPER_5
GCA_964194185.1	Primary Assembly	6	39028161	38.5	OZ077423.1	Chromosome			assembled-molecule	101434635			SUPER_6
GCA_964194185.1	Primary Assembly	7	38750326	38.5	OZ077424.1	Chromosome			assembled-molecule	101138691			SUPER_7
GCA_964194185.1	Primary Assembly	8	39895497	41.5	OZ077425.1	Chromosome			assembled-molecule	95590935		1	SUPER_8
GCA_964194185.1	Primary Assembly	9	37335700	40	OZ077426.1	Chromosome			assembled-molecule	93091723		5	SUPER_9
GCA_964194185.1	Primary Assembly	10	36360076	41	OZ077427.1	Chromosome			assembled-molecule	88364482			SUPER_10
GCA_964194185.1	Primary Assembly	11	34267830	41	OZ077428.1	Chromosome			assembled-molecule	83878758			SUPER_11
GCA_964194185.1	Primary Assembly	12	31485348	40.5	OZ077429.1	Chromosome			assembled-molecule	77653410			SUPER_12
GCA_964194185.1	Primary Assembly	13	29983218	39.5	OZ077430.1	Chromosome			assembled-molecule	75907215			SUPER_13
GCA_964194185.1	Primary Assembly	14	28289021	41.5	OZ077431.1	Chromosome			assembled-molecule	68181510		4	SUPER_14
GCA_964194185.1	Primary Assembly	15	28318055	41.5	OZ077432.1	Chromosome			assembled-molecule	68450660			SUPER_15
GCA_964194185.1	Primary Assembly	16	25130388	41	OZ077433.1	Chromosome			assembled-molecule	61456069			SUPER_16
GCA_964194185.1	Primary Assembly	17	23673220	39.5	OZ077434.1	Chromosome			assembled-molecule	60111470			SUPER_17
GCA_964194185.1	Primary Assembly	18	22441759	38.5	OZ077435.1	Chromosome			assembled-molecule	58306263			SUPER_18
GCA_964194185.1	Primary Assembly	19	23098408	42.5	OZ077436.1	Chromosome			assembled-molecule	54597875			SUPER_19
GCA_964194185.1	Primary Assembly	20	24139415	45	OZ077437.1	Chromosome			assembled-molecule	53931861			SUPER_20
GCA_964194185.1	Primary Assembly	21	23063271	45.5	OZ077438.1	Chromosome			assembled-molecule	50943144			SUPER_21
GCA_964194185.1	Primary Assembly	22	19816363	43.5	OZ077439.1	Chromosome			assembled-molecule	45725187			SUPER_22
GCA_964194185.1	Primary Assembly	23	19817506	43.5	OZ077440.1	Chromosome			assembled-molecule	45643474			SUPER_23
GCA_964194185.1	Primary Assembly	24	17846674	45	OZ077441.1	Chromosome			assembled-molecule	39877259			SUPER_24
GCA_964194185.1	Primary Assembly	25	12637088	41	OZ077442.1	Chromosome			assembled-molecule	30682727			SUPER_25
GCA_964194185.1	Primary Assembly	26	11578011	41.5	OZ077443.1	Chromosome			assembled-molecule	27774990			SUPER_26
GCA_964194185.1	Primary Assembly	27	10294271	49	OZ077444.1	Chromosome			assembled-molecule	20985988			SUPER_27
GCA_964194185.1	Primary Assembly	28	7656917	46	OZ077445.1	Chromosome			assembled-molecule	16570451			SUPER_28
GCA_964194185.1	Primary Assembly	X	50916670	40	OZ077417.1	Chromosome			assembled-molecule	127722468			SUPER_X
GCA_964194185.1	Primary Assembly	8			CAXMLL010000001.1	Chromosome			unlocalized-scaffold	1156238		1	SUPER_8_unloc_1
GCA_964194185.1	Primary Assembly	9			CAXMLL010000002.1	Chromosome			unlocalized-scaffold	895555		5	SUPER_9_unloc_1
GCA_964194185.1	Primary Assembly	9			CAXMLL010000003.1	Chromosome			unlocalized-scaffold	565821		5	SUPER_9_unloc_2
GCA_964194185.1	Primary Assembly	9			CAXMLL010000004.1	Chromosome			unlocalized-scaffold	415462		5	SUPER_9_unloc_3
GCA_964194185.1	Primary Assembly	9			CAXMLL010000005.1	Chromosome			unlocalized-scaffold	410130		5	SUPER_9_unloc_4
GCA_964194185.1	Primary Assembly	9			CAXMLL010000006.1	Chromosome			unlocalized-scaffold	377425		5	SUPER_9_unloc_5
GCA_964194185.1	Primary Assembly	14			CAXMLL010000007.1	Chromosome			unlocalized-scaffold	791779		4	SUPER_14_unloc_1
GCA_964194185.1	Primary Assembly	14			CAXMLL010000008.1	Chromosome			unlocalized-scaffold	468787		4	SUPER_14_unloc_2
GCA_964194185.1	Primary Assembly	14			CAXMLL010000009.1	Chromosome			unlocalized-scaffold	456132		4	SUPER_14_unloc_3
GCA_964194185.1	Primary Assembly	14			CAXMLL010000010.1	Chromosome			unlocalized-scaffold	410000		4	SUPER_14_unloc_4
GCA_964194185.1	Primary Assembly	Un			CAXMLL010000011.1	Chromosome			unplaced-scaffold	116283			HAP1_SCAFFOLD_205
GCA_964194185.1	Primary Assembly	Un			CAXMLL010000012.1	Chromosome			unplaced-scaffold	154472			HAP1_SCAFFOLD_170
GCA_964194185.1	Primary Assembly	Un			CAXMLL010000013.1	Chromosome			unplaced-scaffold	14296			HAP1_SCAFFOLD_804
GCA_964194185.1	Primary Assembly	Un			CAXMLL010000014.1	Chromosome			unplaced-scaffold	161335			HAP1_SCAFFOLD_165
GCA_964194185.1	Primary Assembly	Un			CAXMLL010000015.1	Chromosome			unplaced-scaffold	48219			HAP1_SCAFFOLD_347
GCA_964194185.1	Primary Assembly	Un			CAXMLL010000016.1	Chromosome			unplaced-scaffold	215172			HAP1_SCAFFOLD_133
GCA_964194185.1	Primary Assembly	Un			CAXMLL010000017.1	Chromosome			unplaced-scaffold	46320			HAP1_SCAFFOLD_352
GCA_964194185.1	Primary Assembly	Un			CAXMLL010000018.1	Chromosome			unplaced-scaffold	497775			HAP1_SCAFFOLD_60
GCA_964194185.1	Primary Assembly	Un			CAXMLL010000019.1	Chromosome			unplaced-scaffold	45308			HAP1_SCAFFOLD_356
GCA_964194185.1	Primary Assembly	Un			CAXMLL010000020.1	Chromosome			unplaced-scaffold	20904			HAP1_SCAFFOLD_660
GCA_964194185.1	Primary Assembly	Un			CAXMLL010000021.1	Chromosome			unplaced-scaffold	1000			HAP1_SCAFFOLD_849
GCA_964194185.1	Primary Assembly	Un			CAXMLL010000022.1	Chromosome			unplaced-scaffold	3000			HAP1_SCAFFOLD_838
GCA_964194185.1	Primary Assembly	Un			CAXMLL010000023.1	Chromosome			unplaced-scaffold	29227			HAP1_SCAFFOLD_498
GCA_964194185.1	Primary Assembly	Un			CAXMLL010000024.1	Chromosome			unplaced-scaffold	16423			HAP1_SCAFFOLD_773
GCA_964194185.1	Primary Assembly	Un			CAXMLL010000025.1	Chromosome			unplaced-scaffold	94031			HAP1_SCAFFOLD_241
GCA_964194185.1	Primary Assembly	Un			CAXMLL010000026.1	Chromosome			unplaced-scaffold	15196			HAP1_SCAFFOLD_796
GCA_964194185.1	Primary Assembly	Un			CAXMLL010000027.1	Chromosome			unplaced-scaffold	76420			HAP1_SCAFFOLD_280
GCA_964194185.1	Primary Assembly	Un			CAXMLL010000028.1	Chromosome			unplaced-scaffold	23561			HAP1_SCAFFOLD_600
GCA_964194185.1	Primary Assembly	Un			CAXMLL010000029.1	Chromosome			unplaced-scaffold	456101			HAP1_SCAFFOLD_66
GCA_964194185.1	Primary Assembly	Un			CAXMLL010000030.1	Chromosome			unplaced-scaffold	28000			HAP1_SCAFFOLD_528
GCA_964194185.1	Primary Assembly	Un			CAXMLL010000031.1	Chromosome			unplaced-scaffold	81114			HAP1_SCAFFOLD_270
GCA_964194185.1	Primary Assembly	Un			CAXMLL010000032.1	Chromosome			unplaced-scaffold	281981			HAP1_SCAFFOLD_105
GCA_964194185.1	Primary Assembly	Un			CAXMLL010000033.1	Chromosome			unplaced-scaffold	15887			HAP1_SCAFFOLD_783
GCA_964194185.1	Primary Assembly	Un			CAXMLL010000034.1	Chromosome			unplaced-scaffold	98127			HAP1_SCAFFOLD_233
GCA_964194185.1	Primary Assembly	Un			CAXMLL010000035.1	Chromosome			unplaced-scaffold	86000			HAP1_SCAFFOLD_265
GCA_964194185.1	Primary Assembly	Un			CAXMLL010000036.1	Chromosome			unplaced-scaffold	414797			HAP1_SCAFFOLD_73
GCA_964194185.1	Primary Assembly	Un			CAXMLL010000037.1	Chromosome			unplaced-scaffold	19683			HAP1_SCAFFOLD_685
GCA_964194185.1	Primary Assembly	Un			CAXMLL010000038.1	Chromosome			unplaced-scaffold	36896			HAP1_SCAFFOLD_411
GCA_964194185.1	Primary Assembly	Un			CAXMLL010000039.1	Chromosome			unplaced-scaffold	137541			HAP1_SCAFFOLD_180
GCA_964194185.1	Primary Assembly	Un			CAXMLL010000040.1	Chromosome			unplaced-scaffold	204000			HAP1_SCAFFOLD_141
GCA_964194185.1	Primary Assembly	Un			CAXMLL010000041.1	Chromosome			unplaced-scaffold	223050			HAP1_SCAFFOLD_127
GCA_964194185.1	Primary Assembly	Un			CAXMLL010000042.1	Chromosome			unplaced-scaffold	2000			HAP1_SCAFFOLD_840
GCA_964194185.1	Primary Assembly	Un			CAXMLL010000043.1	Chromosome			unplaced-scaffold	20259			HAP1_SCAFFOLD_669
GCA_964194185.1	Primary Assembly	Un			CAXMLL010000044.1	Chromosome			unplaced-scaffold	140000			HAP1_SCAFFOLD_179
GCA_964194185.1	Primary Assembly	Un			CAXMLL010000045.1	Chromosome			unplaced-scaffold	72373			HAP1_SCAFFOLD_289
GCA_964194185.1	Primary Assembly	Un			CAXMLL010000046.1	Chromosome			unplaced-scaffold	31639			HAP1_SCAFFOLD_457
GCA_964194185.1	Primary Assembly	Un			CAXMLL010000047.1	Chromosome			unplaced-scaffold	32664			HAP1_SCAFFOLD_442
GCA_964194185.1	Primary Assembly	Un			CAXMLL010000048.1	Chromosome			unplaced-scaffold	255880			HAP1_SCAFFOLD_116
GCA_964194185.1	Primary Assembly	Un			CAXMLL010000049.1	Chromosome			unplaced-scaffold	266995			HAP1_SCAFFOLD_112
GCA_964194185.1	Primary Assembly	Un			CAXMLL010000050.1	Chromosome			unplaced-scaffold	100981			HAP1_SCAFFOLD_227
GCA_964194185.1	Primary Assembly	Un			CAXMLL010000051.1	Chromosome			unplaced-scaffold	373837			HAP1_SCAFFOLD_84
GCA_964194185.1	Primary Assembly	Un			CAXMLL010000052.1	Chromosome			unplaced-scaffold	28644			HAP1_SCAFFOLD_514
GCA_964194185.1	Primary Assembly	Un			CAXMLL010000053.1	Chromosome			unplaced-scaffold	76762			HAP1_SCAFFOLD_279
GCA_964194185.1	Primary Assembly	Un			CAXMLL010000054.1	Chromosome			unplaced-scaffold	60000			HAP1_SCAFFOLD_321
GCA_964194185.1	Primary Assembly	Un			CAXMLL010000055.1	Chromosome			unplaced-scaffold	130818			HAP1_SCAFFOLD_189
GCA_964194185.1	Primary Assembly	Un			CAXMLL010000056.1	Chromosome			unplaced-scaffold	110586			HAP1_SCAFFOLD_212
GCA_964194185.1	Primary Assembly	Un			CAXMLL010000057.1	Chromosome			unplaced-scaffold	108871			HAP1_SCAFFOLD_216
GCA_964194185.1	Primary Assembly	Un			CAXMLL010000058.1	Chromosome			unplaced-scaffold	22795			HAP1_SCAFFOLD_616
GCA_964194185.1	Primary Assembly	Un			CAXMLL010000059.1	Chromosome			unplaced-scaffold	14662			HAP1_SCAFFOLD_801
GCA_964194185.1	Primary Assembly	Un			CAXMLL010000060.1	Chromosome			unplaced-scaffold	66168			HAP1_SCAFFOLD_297
GCA_964194185.1	Primary Assembly	Un			CAXMLL010000061.1	Chromosome			unplaced-scaffold	22983			HAP1_SCAFFOLD_612
GCA_964194185.1	Primary Assembly	Un			CAXMLL010000062.1	Chromosome			unplaced-scaffold	26944			HAP1_SCAFFOLD_546
GCA_964194185.1	Primary Assembly	Un			CAXMLL010000063.1	Chromosome			unplaced-scaffold	27180			HAP1_SCAFFOLD_542
GCA_964194185.1	Primary Assembly	Un			CAXMLL010000064.1	Chromosome			unplaced-scaffold	112209			HAP1_SCAFFOLD_209
GCA_964194185.1	Primary Assembly	Un			CAXMLL010000065.1	Chromosome			unplaced-scaffold	38654			HAP1_SCAFFOLD_391
GCA_964194185.1	Primary Assembly	Un			CAXMLL010000066.1	Chromosome			unplaced-scaffold	22346			HAP1_SCAFFOLD_627
GCA_964194185.1	Primary Assembly	Un			CAXMLL010000067.1	Chromosome			unplaced-scaffold	1000			HAP1_SCAFFOLD_845
GCA_964194185.1	Primary Assembly	Un			CAXMLL010000068.1	Chromosome			unplaced-scaffold	93482			HAP1_SCAFFOLD_244
GCA_964194185.1	Primary Assembly	Un			CAXMLL010000069.1	Chromosome			unplaced-scaffold	156490			HAP1_SCAFFOLD_169
GCA_964194185.1	Primary Assembly	Un			CAXMLL010000070.1	Chromosome			unplaced-scaffold	123991			HAP1_SCAFFOLD_197
GCA_964194185.1	Primary Assembly	Un			CAXMLL010000071.1	Chromosome			unplaced-scaffold	19342			HAP1_SCAFFOLD_689
GCA_964194185.1	Primary Assembly	Un			CAXMLL010000072.1	Chromosome			unplaced-scaffold	270000			HAP1_SCAFFOLD_109
GCA_964194185.1	Primary Assembly	Un			CAXMLL010000073.1	Chromosome			unplaced-scaffold	198379			HAP1_SCAFFOLD_144
GCA_964194185.1	Primary Assembly	Un			CAXMLL010000074.1	Chromosome			unplaced-scaffold	83506			HAP1_SCAFFOLD_269
GCA_964194185.1	Primary Assembly	Un			CAXMLL010000075.1	Chromosome			unplaced-scaffold	36536			HAP1_SCAFFOLD_414
GCA_964194185.1	Primary Assembly	Un			CAXMLL010000076.1	Chromosome			unplaced-scaffold	60940			HAP1_SCAFFOLD_318
GCA_964194185.1	Primary Assembly	Un			CAXMLL010000077.1	Chromosome			unplaced-scaffold	73839			HAP1_SCAFFOLD_285
GCA_964194185.1	Primary Assembly	Un			CAXMLL010000078.1	Chromosome			unplaced-scaffold	450000			HAP1_SCAFFOLD_68
GCA_964194185.1	Primary Assembly	Un			CAXMLL010000079.1	Chromosome			unplaced-scaffold	88274			HAP1_SCAFFOLD_258
GCA_964194185.1	Primary Assembly	Un			CAXMLL010000080.1	Chromosome			unplaced-scaffold	20362			HAP1_SCAFFOLD_665
GCA_964194185.1	Primary Assembly	Un			CAXMLL010000081.1	Chromosome			unplaced-scaffold	22022			HAP1_SCAFFOLD_633
GCA_964194185.1	Primary Assembly	Un			CAXMLL010000082.1	Chromosome			unplaced-scaffold	165299			HAP1_SCAFFOLD_160
GCA_964194185.1	Primary Assembly	Un			CAXMLL010000083.1	Chromosome			unplaced-scaffold	20253			HAP1_SCAFFOLD_670
GCA_964194185.1	Primary Assembly	Un			CAXMLL010000084.1	Chromosome			unplaced-scaffold	118259			HAP1_SCAFFOLD_200
GCA_964194185.1	Primary Assembly	Un			CAXMLL010000085.1	Chromosome			unplaced-scaffold	142088			HAP1_SCAFFOLD_175
GCA_964194185.1	Primary Assembly	Un			CAXMLL010000086.1	Chromosome			unplaced-scaffold	132309			HAP1_SCAFFOLD_185
GCA_964194185.1	Primary Assembly	Un			CAXMLL010000087.1	Chromosome			unplaced-scaffold	17900			HAP1_SCAFFOLD_717
GCA_964194185.1	Primary Assembly	Un			CAXMLL010000088.1	Chromosome			unplaced-scaffold	19777			HAP1_SCAFFOLD_680
GCA_964194185.1	Primary Assembly	Un			CAXMLL010000089.1	Chromosome			unplaced-scaffold	21640			HAP1_SCAFFOLD_641
GCA_964194185.1	Primary Assembly	Un			CAXMLL010000090.1	Chromosome			unplaced-scaffold	167991			HAP1_SCAFFOLD_158
GCA_964194185.1	Primary Assembly	Un			CAXMLL010000091.1	Chromosome			unplaced-scaffold	1000			HAP1_SCAFFOLD_853
GCA_964194185.1	Primary Assembly	Un			CAXMLL010000092.1	Chromosome			unplaced-scaffold	28880			HAP1_SCAFFOLD_511
GCA_964194185.1	Primary Assembly	Un			CAXMLL010000093.1	Chromosome			unplaced-scaffold	34762			HAP1_SCAFFOLD_428
GCA_964194185.1	Primary Assembly	Un			CAXMLL010000094.1	Chromosome			unplaced-scaffold	86937			HAP1_SCAFFOLD_260
GCA_964194185.1	Primary Assembly	Un			CAXMLL010000095.1	Chromosome			unplaced-scaffold	57170			HAP1_SCAFFOLD_324
GCA_964194185.1	Primary Assembly	Un			CAXMLL010000096.1	Chromosome			unplaced-scaffold	453765			HAP1_SCAFFOLD_67
GCA_964194185.1	Primary Assembly	Un			CAXMLL010000097.1	Chromosome			unplaced-scaffold	78455			HAP1_SCAFFOLD_275
GCA_964194185.1	Primary Assembly	Un			CAXMLL010000098.1	Chromosome			unplaced-scaffold	299136			HAP1_SCAFFOLD_100
GCA_964194185.1	Primary Assembly	Un			CAXMLL010000099.1	Chromosome			unplaced-scaffold	17462			HAP1_SCAFFOLD_726
GCA_964194185.1	Primary Assembly	Un			CAXMLL010000100.1	Chromosome			unplaced-scaffold	17523			HAP1_SCAFFOLD_722
GCA_964194185.1	Primary Assembly	Un			CAXMLL010000101.1	Chromosome			unplaced-scaffold	23460			HAP1_SCAFFOLD_605
GCA_964194185.1	Primary Assembly	Un			CAXMLL010000102.1	Chromosome			unplaced-scaffold	124713			HAP1_SCAFFOLD_195
GCA_964194185.1	Primary Assembly	Un			CAXMLL010000103.1	Chromosome			unplaced-scaffold	21906			HAP1_SCAFFOLD_636
GCA_964194185.1	Primary Assembly	Un			CAXMLL010000104.1	Chromosome			unplaced-scaffold	19335			HAP1_SCAFFOLD_690
GCA_964194185.1	Primary Assembly	Un			CAXMLL010000105.1	Chromosome			unplaced-scaffold	105000			HAP1_SCAFFOLD_220
GCA_964194185.1	Primary Assembly	Un			CAXMLL010000106.1	Chromosome			unplaced-scaffold	43686			HAP1_SCAFFOLD_364
GCA_964194185.1	Primary Assembly	Un			CAXMLL010000107.1	Chromosome			unplaced-scaffold	25161			HAP1_SCAFFOLD_578
GCA_964194185.1	Primary Assembly	Un			CAXMLL010000108.1	Chromosome			unplaced-scaffold	347372			HAP1_SCAFFOLD_91
GCA_964194185.1	Primary Assembly	Un			CAXMLL010000109.1	Chromosome			unplaced-scaffold	30951			HAP1_SCAFFOLD_468
GCA_964194185.1	Primary Assembly	Un			CAXMLL010000110.1	Chromosome			unplaced-scaffold	17514			HAP1_SCAFFOLD_723
GCA_964194185.1	Primary Assembly	Un			CAXMLL010000111.1	Chromosome			unplaced-scaffold	449555			HAP1_SCAFFOLD_69
GCA_964194185.1	Primary Assembly	Un			CAXMLL010000112.1	Chromosome			unplaced-scaffold	26381			HAP1_SCAFFOLD_555
GCA_964194185.1	Primary Assembly	Un			CAXMLL010000113.1	Chromosome			unplaced-scaffold	24350			HAP1_SCAFFOLD_588
GCA_964194185.1	Primary Assembly	Un			CAXMLL010000114.1	Chromosome			unplaced-scaffold	32153			HAP1_SCAFFOLD_450
GCA_964194185.1	Primary Assembly	Un			CAXMLL010000115.1	Chromosome			unplaced-scaffold	67333			HAP1_SCAFFOLD_295
GCA_964194185.1	Primary Assembly	Un			CAXMLL010000116.1	Chromosome			unplaced-scaffold	1000			HAP1_SCAFFOLD_847
GCA_964194185.1	Primary Assembly	Un			CAXMLL010000117.1	Chromosome			unplaced-scaffold	1000			HAP1_SCAFFOLD_852
GCA_964194185.1	Primary Assembly	Un			CAXMLL010000118.1	Chromosome			unplaced-scaffold	22420			HAP1_SCAFFOLD_625
GCA_964194185.1	Primary Assembly	Un			CAXMLL010000119.1	Chromosome			unplaced-scaffold	52199			HAP1_SCAFFOLD_338
GCA_964194185.1	Primary Assembly	Un			CAXMLL010000120.1	Chromosome			unplaced-scaffold	47974			HAP1_SCAFFOLD_349
GCA_964194185.1	Primary Assembly	Un			CAXMLL010000121.1	Chromosome			unplaced-scaffold	34166			HAP1_SCAFFOLD_434
GCA_964194185.1	Primary Assembly	Un			CAXMLL010000122.1	Chromosome			unplaced-scaffold	37278			HAP1_SCAFFOLD_408
GCA_964194185.1	Primary Assembly	Un			CAXMLL010000123.1	Chromosome			unplaced-scaffold	63757			HAP1_SCAFFOLD_304
GCA_964194185.1	Primary Assembly	Un			CAXMLL010000124.1	Chromosome			unplaced-scaffold	42000			HAP1_SCAFFOLD_371
GCA_964194185.1	Primary Assembly	Un			CAXMLL010000125.1	Chromosome			unplaced-scaffold	18675			HAP1_SCAFFOLD_699
GCA_964194185.1	Primary Assembly	Un			CAXMLL010000126.1	Chromosome			unplaced-scaffold	131477			HAP1_SCAFFOLD_187
GCA_964194185.1	Primary Assembly	Un			CAXMLL010000127.1	Chromosome			unplaced-scaffold	27144			HAP1_SCAFFOLD_543
GCA_964194185.1	Primary Assembly	Un			CAXMLL010000128.1	Chromosome			unplaced-scaffold	1468066			HAP1_SCAFFOLD_34
GCA_964194185.1	Primary Assembly	Un			CAXMLL010000129.1	Chromosome			unplaced-scaffold	77929			HAP1_SCAFFOLD_277
GCA_964194185.1	Primary Assembly	Un			CAXMLL010000130.1	Chromosome			unplaced-scaffold	23340			HAP1_SCAFFOLD_607
GCA_964194185.1	Primary Assembly	Un			CAXMLL010000131.1	Chromosome			unplaced-scaffold	100509			HAP1_SCAFFOLD_229
GCA_964194185.1	Primary Assembly	Un			CAXMLL010000132.1	Chromosome			unplaced-scaffold	27879			HAP1_SCAFFOLD_531
GCA_964194185.1	Primary Assembly	Un			CAXMLL010000133.1	Chromosome			unplaced-scaffold	31515			HAP1_SCAFFOLD_459
GCA_964194185.1	Primary Assembly	Un			CAXMLL010000134.1	Chromosome			unplaced-scaffold	73000			HAP1_SCAFFOLD_287
GCA_964194185.1	Primary Assembly	Un			CAXMLL010000135.1	Chromosome			unplaced-scaffold	140876			HAP1_SCAFFOLD_177
GCA_964194185.1	Primary Assembly	Un			CAXMLL010000136.1	Chromosome			unplaced-scaffold	20321			HAP1_SCAFFOLD_667
GCA_964194185.1	Primary Assembly	Un			CAXMLL010000137.1	Chromosome			unplaced-scaffold	50000			HAP1_SCAFFOLD_340
GCA_964194185.1	Primary Assembly	Un			CAXMLL010000138.1	Chromosome			unplaced-scaffold	219684			HAP1_SCAFFOLD_129
GCA_964194185.1	Primary Assembly	Un			CAXMLL010000139.1	Chromosome			unplaced-scaffold	264806			HAP1_SCAFFOLD_113
GCA_964194185.1	Primary Assembly	Un			CAXMLL010000140.1	Chromosome			unplaced-scaffold	32653			HAP1_SCAFFOLD_443
GCA_964194185.1	Primary Assembly	Un			CAXMLL010000141.1	Chromosome			unplaced-scaffold	12349			HAP1_SCAFFOLD_818
GCA_964194185.1	Primary Assembly	Un			CAXMLL010000142.1	Chromosome			unplaced-scaffold	84489			HAP1_SCAFFOLD_267
GCA_964194185.1	Primary Assembly	Un			CAXMLL010000143.1	Chromosome			unplaced-scaffold	276427			HAP1_SCAFFOLD_107
GCA_964194185.1	Primary Assembly	Un			CAXMLL010000144.1	Chromosome			unplaced-scaffold	19485			HAP1_SCAFFOLD_687
GCA_964194185.1	Primary Assembly	Un			CAXMLL010000145.1	Chromosome			unplaced-scaffold	44399			HAP1_SCAFFOLD_361
GCA_964194185.1	Primary Assembly	Un			CAXMLL010000146.1	Chromosome			unplaced-scaffold	18208			HAP1_SCAFFOLD_710
GCA_964194185.1	Primary Assembly	Un			CAXMLL010000147.1	Chromosome			unplaced-scaffold	120337			HAP1_SCAFFOLD_199
GCA_964194185.1	Primary Assembly	Un			CAXMLL010000148.1	Chromosome			unplaced-scaffold	160002			HAP1_SCAFFOLD_167
GCA_964194185.1	Primary Assembly	Un			CAXMLL010000149.1	Chromosome			unplaced-scaffold	22259			HAP1_SCAFFOLD_629
GCA_964194185.1	Primary Assembly	Un			CAXMLL010000150.1	Chromosome			unplaced-scaffold	110328			HAP1_SCAFFOLD_213
GCA_964194185.1	Primary Assembly	Un			CAXMLL010000151.1	Chromosome			unplaced-scaffold	113451			HAP1_SCAFFOLD_207
GCA_964194185.1	Primary Assembly	Un			CAXMLL010000152.1	Chromosome			unplaced-scaffold	26198			HAP1_SCAFFOLD_559
GCA_964194185.1	Primary Assembly	Un			CAXMLL010000153.1	Chromosome			unplaced-scaffold	425509			HAP1_SCAFFOLD_71
GCA_964194185.1	Primary Assembly	Un			CAXMLL010000154.1	Chromosome			unplaced-scaffold	65440			HAP1_SCAFFOLD_299
GCA_964194185.1	Primary Assembly	Un			CAXMLL010000155.1	Chromosome			unplaced-scaffold	64620			HAP1_SCAFFOLD_301
GCA_964194185.1	Primary Assembly	Un			CAXMLL010000156.1	Chromosome			unplaced-scaffold	482642			HAP1_SCAFFOLD_62
GCA_964194185.1	Primary Assembly	Un			CAXMLL010000157.1	Chromosome			unplaced-scaffold	15249			HAP1_SCAFFOLD_793
GCA_964194185.1	Primary Assembly	Un			CAXMLL010000158.1	Chromosome			unplaced-scaffold	30474			HAP1_SCAFFOLD_478
GCA_964194185.1	Primary Assembly	Un			CAXMLL010000159.1	Chromosome			unplaced-scaffold	25468			HAP1_SCAFFOLD_568
GCA_964194185.1	Primary Assembly	Un			CAXMLL010000160.1	Chromosome			unplaced-scaffold	41344			HAP1_SCAFFOLD_374
GCA_964194185.1	Primary Assembly	Un			CAXMLL010000161.1	Chromosome			unplaced-scaffold	10288			HAP1_SCAFFOLD_824
GCA_964194185.1	Primary Assembly	Un			CAXMLL010000162.1	Chromosome			unplaced-scaffold	16645			HAP1_SCAFFOLD_772
GCA_964194185.1	Primary Assembly	Un			CAXMLL010000163.1	Chromosome			unplaced-scaffold	103000			HAP1_SCAFFOLD_225
GCA_964194185.1	Primary Assembly	Un			CAXMLL010000164.1	Chromosome			unplaced-scaffold	16338			HAP1_SCAFFOLD_776
GCA_964194185.1	Primary Assembly	Un			CAXMLL010000165.1	Chromosome			unplaced-scaffold	19110			HAP1_SCAFFOLD_695
GCA_964194185.1	Primary Assembly	Un			CAXMLL010000166.1	Chromosome			unplaced-scaffold	211000			HAP1_SCAFFOLD_136
GCA_964194185.1	Primary Assembly	Un			CAXMLL010000167.1	Chromosome			unplaced-scaffold	128000			HAP1_SCAFFOLD_190
GCA_964194185.1	Primary Assembly	Un			CAXMLL010000168.1	Chromosome			unplaced-scaffold	564436			HAP1_SCAFFOLD_55
GCA_964194185.1	Primary Assembly	Un			CAXMLL010000169.1	Chromosome			unplaced-scaffold	45666			HAP1_SCAFFOLD_353
GCA_964194185.1	Primary Assembly	Un			CAXMLL010000170.1	Chromosome			unplaced-scaffold	216103			HAP1_SCAFFOLD_132
GCA_964194185.1	Primary Assembly	Un			CAXMLL010000171.1	Chromosome			unplaced-scaffold	17815			HAP1_SCAFFOLD_719
GCA_964194185.1	Primary Assembly	Un			CAXMLL010000172.1	Chromosome			unplaced-scaffold	229825			HAP1_SCAFFOLD_125
GCA_964194185.1	Primary Assembly	Un			CAXMLL010000173.1	Chromosome			unplaced-scaffold	22592			HAP1_SCAFFOLD_620
GCA_964194185.1	Primary Assembly	Un			CAXMLL010000174.1	Chromosome			unplaced-scaffold	98646			HAP1_SCAFFOLD_232
GCA_964194185.1	Primary Assembly	Un			CAXMLL010000175.1	Chromosome			unplaced-scaffold	15512			HAP1_SCAFFOLD_786
GCA_964194185.1	Primary Assembly	Un			CAXMLL010000176.1	Chromosome			unplaced-scaffold	72255			HAP1_SCAFFOLD_290
GCA_964194185.1	Primary Assembly	Un			CAXMLL010000177.1	Chromosome			unplaced-scaffold	31870			HAP1_SCAFFOLD_455
GCA_964194185.1	Primary Assembly	Un			CAXMLL010000178.1	Chromosome			unplaced-scaffold	15925			HAP1_SCAFFOLD_782
GCA_964194185.1	Primary Assembly	Un			CAXMLL010000179.1	Chromosome			unplaced-scaffold	96546			HAP1_SCAFFOLD_236
GCA_964194185.1	Primary Assembly	Un			CAXMLL010000180.1	Chromosome			unplaced-scaffold	39788			HAP1_SCAFFOLD_384
GCA_964194185.1	Primary Assembly	Un			CAXMLL010000181.1	Chromosome			unplaced-scaffold	29681			HAP1_SCAFFOLD_488
GCA_964194185.1	Primary Assembly	Un			CAXMLL010000182.1	Chromosome			unplaced-scaffold	30463			HAP1_SCAFFOLD_479
GCA_964194185.1	Primary Assembly	Un			CAXMLL010000183.1	Chromosome			unplaced-scaffold	25405			HAP1_SCAFFOLD_569
GCA_964194185.1	Primary Assembly	Un			CAXMLL010000184.1	Chromosome			unplaced-scaffold	34928			HAP1_SCAFFOLD_427
GCA_964194185.1	Primary Assembly	Un			CAXMLL010000185.1	Chromosome			unplaced-scaffold	170584			HAP1_SCAFFOLD_157
GCA_964194185.1	Primary Assembly	Un			CAXMLL010000186.1	Chromosome			unplaced-scaffold	36311			HAP1_SCAFFOLD_416
GCA_964194185.1	Primary Assembly	Un			CAXMLL010000187.1	Chromosome			unplaced-scaffold	192288			HAP1_SCAFFOLD_146
GCA_964194185.1	Primary Assembly	Un			CAXMLL010000188.1	Chromosome			unplaced-scaffold	17821			HAP1_SCAFFOLD_718
GCA_964194185.1	Primary Assembly	Un			CAXMLL010000189.1	Chromosome			unplaced-scaffold	375016			HAP1_SCAFFOLD_81
GCA_964194185.1	Primary Assembly	Un			CAXMLL010000190.1	Chromosome			unplaced-scaffold	46854			HAP1_SCAFFOLD_351
GCA_964194185.1	Primary Assembly	Un			CAXMLL010000191.1	Chromosome			unplaced-scaffold	28955			HAP1_SCAFFOLD_509
GCA_964194185.1	Primary Assembly	Un			CAXMLL010000192.1	Chromosome			unplaced-scaffold	22978			HAP1_SCAFFOLD_614
GCA_964194185.1	Primary Assembly	Un			CAXMLL010000193.1	Chromosome			unplaced-scaffold	15312			HAP1_SCAFFOLD_791
GCA_964194185.1	Primary Assembly	Un			CAXMLL010000194.1	Chromosome			unplaced-scaffold	93384			HAP1_SCAFFOLD_246
GCA_964194185.1	Primary Assembly	Un			CAXMLL010000195.1	Chromosome			unplaced-scaffold	93876			HAP1_SCAFFOLD_242
GCA_964194185.1	Primary Assembly	Un			CAXMLL010000196.1	Chromosome			unplaced-scaffold	89000			HAP1_SCAFFOLD_257
GCA_964194185.1	Primary Assembly	Un			CAXMLL010000197.1	Chromosome			unplaced-scaffold	29624			HAP1_SCAFFOLD_489
GCA_964194185.1	Primary Assembly	Un			CAXMLL010000198.1	Chromosome			unplaced-scaffold	31260			HAP1_SCAFFOLD_465
GCA_964194185.1	Primary Assembly	Un			CAXMLL010000199.1	Chromosome			unplaced-scaffold	12296			HAP1_SCAFFOLD_819
GCA_964194185.1	Primary Assembly	Un			CAXMLL010000200.1	Chromosome			unplaced-scaffold	25312			HAP1_SCAFFOLD_575
GCA_964194185.1	Primary Assembly	Un			CAXMLL010000201.1	Chromosome			unplaced-scaffold	34283			HAP1_SCAFFOLD_433
GCA_964194185.1	Primary Assembly	Un			CAXMLL010000202.1	Chromosome			unplaced-scaffold	61000			HAP1_SCAFFOLD_317
GCA_964194185.1	Primary Assembly	Un			CAXMLL010000203.1	Chromosome			unplaced-scaffold	687072			HAP1_SCAFFOLD_50
GCA_964194185.1	Primary Assembly	Un			CAXMLL010000204.1	Chromosome			unplaced-scaffold	30860			HAP1_SCAFFOLD_470
GCA_964194185.1	Primary Assembly	Un			CAXMLL010000205.1	Chromosome			unplaced-scaffold	64000			HAP1_SCAFFOLD_303
GCA_964194185.1	Primary Assembly	Un			CAXMLL010000206.1	Chromosome			unplaced-scaffold	17476			HAP1_SCAFFOLD_724
GCA_964194185.1	Primary Assembly	Un			CAXMLL010000207.1	Chromosome			unplaced-scaffold	110859			HAP1_SCAFFOLD_211
GCA_964194185.1	Primary Assembly	Un			CAXMLL010000208.1	Chromosome			unplaced-scaffold	59905			HAP1_SCAFFOLD_322
GCA_964194185.1	Primary Assembly	Un			CAXMLL010000209.1	Chromosome			unplaced-scaffold	723791			HAP1_SCAFFOLD_48
GCA_964194185.1	Primary Assembly	Un			CAXMLL010000210.1	Chromosome			unplaced-scaffold	122000			HAP1_SCAFFOLD_198
GCA_964194185.1	Primary Assembly	Un			CAXMLL010000211.1	Chromosome			unplaced-scaffold	56748			HAP1_SCAFFOLD_326
GCA_964194185.1	Primary Assembly	Un			CAXMLL010000212.1	Chromosome			unplaced-scaffold	22325			HAP1_SCAFFOLD_628
GCA_964194185.1	Primary Assembly	Un			CAXMLL010000213.1	Chromosome			unplaced-scaffold	777284			HAP1_SCAFFOLD_47
GCA_964194185.1	Primary Assembly	Un			CAXMLL010000214.1	Chromosome			unplaced-scaffold	43808			HAP1_SCAFFOLD_363
GCA_964194185.1	Primary Assembly	Un			CAXMLL010000215.1	Chromosome			unplaced-scaffold	546114			HAP1_SCAFFOLD_56
GCA_964194185.1	Primary Assembly	Un			CAXMLL010000216.1	Chromosome			unplaced-scaffold	29190			HAP1_SCAFFOLD_500
GCA_964194185.1	Primary Assembly	Un			CAXMLL010000217.1	Chromosome			unplaced-scaffold	53264			HAP1_SCAFFOLD_335
GCA_964194185.1	Primary Assembly	Un			CAXMLL010000218.1	Chromosome			unplaced-scaffold	37512			HAP1_SCAFFOLD_405
GCA_964194185.1	Primary Assembly	Un			CAXMLL010000219.1	Chromosome			unplaced-scaffold	267945			HAP1_SCAFFOLD_111
GCA_964194185.1	Primary Assembly	Un			CAXMLL010000220.1	Chromosome			unplaced-scaffold	30416			HAP1_SCAFFOLD_480
GCA_964194185.1	Primary Assembly	Un			CAXMLL010000221.1	Chromosome			unplaced-scaffold	26245			HAP1_SCAFFOLD_558
GCA_964194185.1	Primary Assembly	Un			CAXMLL010000222.1	Chromosome			unplaced-scaffold	32844			HAP1_SCAFFOLD_441
GCA_964194185.1	Primary Assembly	Un			CAXMLL010000223.1	Chromosome			unplaced-scaffold	66000			HAP1_SCAFFOLD_298
GCA_964194185.1	Primary Assembly	Un			CAXMLL010000224.1	Chromosome			unplaced-scaffold	24599			HAP1_SCAFFOLD_585
GCA_964194185.1	Primary Assembly	Un			CAXMLL010000225.1	Chromosome			unplaced-scaffold	39819			HAP1_SCAFFOLD_383
GCA_964194185.1	Primary Assembly	Un			CAXMLL010000226.1	Chromosome			unplaced-scaffold	509319			HAP1_SCAFFOLD_58
GCA_964194185.1	Primary Assembly	Un			CAXMLL010000227.1	Chromosome			unplaced-scaffold	1558358			HAP1_SCAFFOLD_33
GCA_964194185.1	Primary Assembly	Un			CAXMLL010000228.1	Chromosome			unplaced-scaffold	27867			HAP1_SCAFFOLD_533
GCA_964194185.1	Primary Assembly	Un			CAXMLL010000229.1	Chromosome			unplaced-scaffold	30562			HAP1_SCAFFOLD_475
GCA_964194185.1	Primary Assembly	Un			CAXMLL010000230.1	Chromosome			unplaced-scaffold	922541			HAP1_SCAFFOLD_40
GCA_964194185.1	Primary Assembly	Un			CAXMLL010000231.1	Chromosome			unplaced-scaffold	31507			HAP1_SCAFFOLD_460
GCA_964194185.1	Primary Assembly	Un			CAXMLL010000232.1	Chromosome			unplaced-scaffold	100778			HAP1_SCAFFOLD_228
GCA_964194185.1	Primary Assembly	Un			CAXMLL010000233.1	Chromosome			unplaced-scaffold	25400			HAP1_SCAFFOLD_570
GCA_964194185.1	Primary Assembly	Un			CAXMLL010000234.1	Chromosome			unplaced-scaffold	24946			HAP1_SCAFFOLD_580
GCA_964194185.1	Primary Assembly	Un			CAXMLL010000235.1	Chromosome			unplaced-scaffold	31614			HAP1_SCAFFOLD_458
GCA_964194185.1	Primary Assembly	Un			CAXMLL010000236.1	Chromosome			unplaced-scaffold	27272			HAP1_SCAFFOLD_541
GCA_964194185.1	Primary Assembly	Un			CAXMLL010000237.1	Chromosome			unplaced-scaffold	45421			HAP1_SCAFFOLD_354
GCA_964194185.1	Primary Assembly	Un			CAXMLL010000238.1	Chromosome			unplaced-scaffold	29988			HAP1_SCAFFOLD_485
GCA_964194185.1	Primary Assembly	Un			CAXMLL010000239.1	Chromosome			unplaced-scaffold	14143			HAP1_SCAFFOLD_806
GCA_964194185.1	Primary Assembly	Un			CAXMLL010000240.1	Chromosome			unplaced-scaffold	23016			HAP1_SCAFFOLD_611
GCA_964194185.1	Primary Assembly	Un			CAXMLL010000241.1	Chromosome			unplaced-scaffold	14413			HAP1_SCAFFOLD_802
GCA_964194185.1	Primary Assembly	Un			CAXMLL010000242.1	Chromosome			unplaced-scaffold	37857			HAP1_SCAFFOLD_400
GCA_964194185.1	Primary Assembly	Un			CAXMLL010000243.1	Chromosome			unplaced-scaffold	41813			HAP1_SCAFFOLD_373
GCA_964194185.1	Primary Assembly	Un			CAXMLL010000244.1	Chromosome			unplaced-scaffold	777807			HAP1_SCAFFOLD_46
GCA_964194185.1	Primary Assembly	Un			CAXMLL010000245.1	Chromosome			unplaced-scaffold	220368			HAP1_SCAFFOLD_128
GCA_964194185.1	Primary Assembly	Un			CAXMLL010000246.1	Chromosome			unplaced-scaffold	29055			HAP1_SCAFFOLD_505
GCA_964194185.1	Primary Assembly	Un			CAXMLL010000247.1	Chromosome			unplaced-scaffold	55000			HAP1_SCAFFOLD_330
GCA_964194185.1	Primary Assembly	Un			CAXMLL010000248.1	Chromosome			unplaced-scaffold	10924			HAP1_SCAFFOLD_823
GCA_964194185.1	Primary Assembly	Un			CAXMLL010000249.1	Chromosome			unplaced-scaffold	38323			HAP1_SCAFFOLD_396
GCA_964194185.1	Primary Assembly	Un			CAXMLL010000250.1	Chromosome			unplaced-scaffold	28779			HAP1_SCAFFOLD_512
GCA_964194185.1	Primary Assembly	Un			CAXMLL010000251.1	Chromosome			unplaced-scaffold	28534			HAP1_SCAFFOLD_516
GCA_964194185.1	Primary Assembly	Un			CAXMLL010000252.1	Chromosome			unplaced-scaffold	21592			HAP1_SCAFFOLD_642
GCA_964194185.1	Primary Assembly	Un			CAXMLL010000253.1	Chromosome			unplaced-scaffold	21460			HAP1_SCAFFOLD_646
GCA_964194185.1	Primary Assembly	Un			CAXMLL010000254.1	Chromosome			unplaced-scaffold	110000			HAP1_SCAFFOLD_214
GCA_964194185.1	Primary Assembly	Un			CAXMLL010000255.1	Chromosome			unplaced-scaffold	17710			HAP1_SCAFFOLD_721
GCA_964194185.1	Primary Assembly	Un			CAXMLL010000256.1	Chromosome			unplaced-scaffold	25007			HAP1_SCAFFOLD_579
GCA_964194185.1	Primary Assembly	Un			CAXMLL010000257.1	Chromosome			unplaced-scaffold	30867			HAP1_SCAFFOLD_469
GCA_964194185.1	Primary Assembly	Un			CAXMLL010000258.1	Chromosome			unplaced-scaffold	13118			HAP1_SCAFFOLD_815
GCA_964194185.1	Primary Assembly	Un			CAXMLL010000259.1	Chromosome			unplaced-scaffold	28040			HAP1_SCAFFOLD_527
GCA_964194185.1	Primary Assembly	Un			CAXMLL010000260.1	Chromosome			unplaced-scaffold	29300			HAP1_SCAFFOLD_497
GCA_964194185.1	Primary Assembly	Un			CAXMLL010000261.1	Chromosome			unplaced-scaffold	24069			HAP1_SCAFFOLD_589
GCA_964194185.1	Primary Assembly	Un			CAXMLL010000262.1	Chromosome			unplaced-scaffold	32650			HAP1_SCAFFOLD_444
GCA_964194185.1	Primary Assembly	Un			CAXMLL010000263.1	Chromosome			unplaced-scaffold	50856			HAP1_SCAFFOLD_339
GCA_964194185.1	Primary Assembly	Un			CAXMLL010000264.1	Chromosome			unplaced-scaffold	48000			HAP1_SCAFFOLD_348
GCA_964194185.1	Primary Assembly	Un			CAXMLL010000265.1	Chromosome			unplaced-scaffold	260848			HAP1_SCAFFOLD_114
GCA_964194185.1	Primary Assembly	Un			CAXMLL010000266.1	Chromosome			unplaced-scaffold	3000			HAP1_SCAFFOLD_837
GCA_964194185.1	Primary Assembly	Un			CAXMLL010000267.1	Chromosome			unplaced-scaffold	23568			HAP1_SCAFFOLD_599
GCA_964194185.1	Primary Assembly	Un			CAXMLL010000268.1	Chromosome			unplaced-scaffold	88128			HAP1_SCAFFOLD_259
GCA_964194185.1	Primary Assembly	Un			CAXMLL010000269.1	Chromosome			unplaced-scaffold	28989			HAP1_SCAFFOLD_507
GCA_964194185.1	Primary Assembly	Un			CAXMLL010000270.1	Chromosome			unplaced-scaffold	21587			HAP1_SCAFFOLD_643
GCA_964194185.1	Primary Assembly	Un			CAXMLL010000271.1	Chromosome			unplaced-scaffold	1900129			HAP1_SCAFFOLD_31
GCA_964194185.1	Primary Assembly	Un			CAXMLL010000272.1	Chromosome			unplaced-scaffold	18562			HAP1_SCAFFOLD_701
GCA_964194185.1	Primary Assembly	Un			CAXMLL010000273.1	Chromosome			unplaced-scaffold	1000			HAP1_SCAFFOLD_851
GCA_964194185.1	Primary Assembly	Un			CAXMLL010000274.1	Chromosome			unplaced-scaffold	22188			HAP1_SCAFFOLD_631
GCA_964194185.1	Primary Assembly	Un			CAXMLL010000275.1	Chromosome			unplaced-scaffold	166645			HAP1_SCAFFOLD_159
GCA_964194185.1	Primary Assembly	Un			CAXMLL010000276.1	Chromosome			unplaced-scaffold	62519			HAP1_SCAFFOLD_310
GCA_964194185.1	Primary Assembly	Un			CAXMLL010000277.1	Chromosome			unplaced-scaffold	34729			HAP1_SCAFFOLD_429
GCA_964194185.1	Primary Assembly	Un			CAXMLL010000278.1	Chromosome			unplaced-scaffold	30483			HAP1_SCAFFOLD_477
GCA_964194185.1	Primary Assembly	Un			CAXMLL010000279.1	Chromosome			unplaced-scaffold	25678			HAP1_SCAFFOLD_567
GCA_964194185.1	Primary Assembly	Un			CAXMLL010000280.1	Chromosome			unplaced-scaffold	92165			HAP1_SCAFFOLD_250
GCA_964194185.1	Primary Assembly	Un			CAXMLL010000281.1	Chromosome			unplaced-scaffold	24043			HAP1_SCAFFOLD_590
GCA_964194185.1	Primary Assembly	Un			CAXMLL010000282.1	Chromosome			unplaced-scaffold	27878			HAP1_SCAFFOLD_532
GCA_964194185.1	Primary Assembly	Un			CAXMLL010000283.1	Chromosome			unplaced-scaffold	27835			HAP1_SCAFFOLD_536
GCA_964194185.1	Primary Assembly	Un			CAXMLL010000284.1	Chromosome			unplaced-scaffold	39904			HAP1_SCAFFOLD_382
GCA_964194185.1	Primary Assembly	Un			CAXMLL010000285.1	Chromosome			unplaced-scaffold	112702			HAP1_SCAFFOLD_208
GCA_964194185.1	Primary Assembly	Un			CAXMLL010000286.1	Chromosome			unplaced-scaffold	19876			HAP1_SCAFFOLD_678
GCA_964194185.1	Primary Assembly	Un			CAXMLL010000287.1	Chromosome			unplaced-scaffold	39430			HAP1_SCAFFOLD_386
GCA_964194185.1	Primary Assembly	Un			CAXMLL010000288.1	Chromosome			unplaced-scaffold	157125			HAP1_SCAFFOLD_168
GCA_964194185.1	Primary Assembly	Un			CAXMLL010000289.1	Chromosome			unplaced-scaffold	4000			HAP1_SCAFFOLD_835
GCA_964194185.1	Primary Assembly	Un			CAXMLL010000290.1	Chromosome			unplaced-scaffold	15824			HAP1_SCAFFOLD_784
GCA_964194185.1	Primary Assembly	Un			CAXMLL010000291.1	Chromosome			unplaced-scaffold	327709			HAP1_SCAFFOLD_94
GCA_964194185.1	Primary Assembly	Un			CAXMLL010000292.1	Chromosome			unplaced-scaffold	11059			HAP1_SCAFFOLD_822
GCA_964194185.1	Primary Assembly	Un			CAXMLL010000293.1	Chromosome			unplaced-scaffold	16418			HAP1_SCAFFOLD_774
GCA_964194185.1	Primary Assembly	Un			CAXMLL010000294.1	Chromosome			unplaced-scaffold	38370			HAP1_SCAFFOLD_393
GCA_964194185.1	Primary Assembly	Un			CAXMLL010000295.1	Chromosome			unplaced-scaffold	184962			HAP1_SCAFFOLD_150
GCA_964194185.1	Primary Assembly	Un			CAXMLL010000296.1	Chromosome			unplaced-scaffold	505122			HAP1_SCAFFOLD_59
GCA_964194185.1	Primary Assembly	Un			CAXMLL010000297.1	Chromosome			unplaced-scaffold	10126			HAP1_SCAFFOLD_826
GCA_964194185.1	Primary Assembly	Un			CAXMLL010000298.1	Chromosome			unplaced-scaffold	40611			HAP1_SCAFFOLD_376
GCA_964194185.1	Primary Assembly	Un			CAXMLL010000299.1	Chromosome			unplaced-scaffold	19471			HAP1_SCAFFOLD_688
GCA_964194185.1	Primary Assembly	Un			CAXMLL010000300.1	Chromosome			unplaced-scaffold	41897			HAP1_SCAFFOLD_372
GCA_964194185.1	Primary Assembly	Un			CAXMLL010000301.1	Chromosome			unplaced-scaffold	272000			HAP1_SCAFFOLD_108
GCA_964194185.1	Primary Assembly	Un			CAXMLL010000302.1	Chromosome			unplaced-scaffold	28071			HAP1_SCAFFOLD_525
GCA_964194185.1	Primary Assembly	Un			CAXMLL010000303.1	Chromosome			unplaced-scaffold	60409			HAP1_SCAFFOLD_319
GCA_964194185.1	Primary Assembly	Un			CAXMLL010000304.1	Chromosome			unplaced-scaffold	84362			HAP1_SCAFFOLD_268
GCA_964194185.1	Primary Assembly	Un			CAXMLL010000305.1	Chromosome			unplaced-scaffold	12646			HAP1_SCAFFOLD_817
GCA_964194185.1	Primary Assembly	Un			CAXMLL010000306.1	Chromosome			unplaced-scaffold	35983			HAP1_SCAFFOLD_420
GCA_964194185.1	Primary Assembly	Un			CAXMLL010000307.1	Chromosome			unplaced-scaffold	214057			HAP1_SCAFFOLD_134
GCA_964194185.1	Primary Assembly	Un			CAXMLL010000308.1	Chromosome			unplaced-scaffold	7000			HAP1_SCAFFOLD_830
GCA_964194185.1	Primary Assembly	Un			CAXMLL010000309.1	Chromosome			unplaced-scaffold	652055			HAP1_SCAFFOLD_52
GCA_964194185.1	Primary Assembly	Un			CAXMLL010000310.1	Chromosome			unplaced-scaffold	57456			HAP1_SCAFFOLD_323
GCA_964194185.1	Primary Assembly	Un			CAXMLL010000311.1	Chromosome			unplaced-scaffold	140425			HAP1_SCAFFOLD_178
GCA_964194185.1	Primary Assembly	Un			CAXMLL010000312.1	Chromosome			unplaced-scaffold	63059			HAP1_SCAFFOLD_306
GCA_964194185.1	Primary Assembly	Un			CAXMLL010000313.1	Chromosome			unplaced-scaffold	72905			HAP1_SCAFFOLD_288
GCA_964194185.1	Primary Assembly	Un			CAXMLL010000314.1	Chromosome			unplaced-scaffold	64382			HAP1_SCAFFOLD_302
GCA_964194185.1	Primary Assembly	Un			CAXMLL010000315.1	Chromosome			unplaced-scaffold	33503			HAP1_SCAFFOLD_436
GCA_964194185.1	Primary Assembly	Un			CAXMLL010000316.1	Chromosome			unplaced-scaffold	18432			HAP1_SCAFFOLD_704
GCA_964194185.1	Primary Assembly	Un			CAXMLL010000317.1	Chromosome			unplaced-scaffold	1000			HAP1_SCAFFOLD_854
GCA_964194185.1	Primary Assembly	Un			CAXMLL010000318.1	Chromosome			unplaced-scaffold	89841			HAP1_SCAFFOLD_255
GCA_964194185.1	Primary Assembly	Un			CAXMLL010000319.1	Chromosome			unplaced-scaffold	29615			HAP1_SCAFFOLD_490
GCA_964194185.1	Primary Assembly	Un			CAXMLL010000320.1	Chromosome			unplaced-scaffold	34387			HAP1_SCAFFOLD_432
GCA_964194185.1	Primary Assembly	Un			CAXMLL010000321.1	Chromosome			unplaced-scaffold	35205			HAP1_SCAFFOLD_425
GCA_964194185.1	Primary Assembly	Un			CAXMLL010000322.1	Chromosome			unplaced-scaffold	22000			HAP1_SCAFFOLD_634
GCA_964194185.1	Primary Assembly	Un			CAXMLL010000323.1	Chromosome			unplaced-scaffold	77782			HAP1_SCAFFOLD_278
GCA_964194185.1	Primary Assembly	Un			CAXMLL010000324.1	Chromosome			unplaced-scaffold	23267			HAP1_SCAFFOLD_608
GCA_964194185.1	Primary Assembly	Un			CAXMLL010000325.1	Chromosome			unplaced-scaffold	373926			HAP1_SCAFFOLD_83
GCA_964194185.1	Primary Assembly	Un			CAXMLL010000326.1	Chromosome			unplaced-scaffold	693295			HAP1_SCAFFOLD_49
GCA_964194185.1	Primary Assembly	Un			CAXMLL010000327.1	Chromosome			unplaced-scaffold	131000			HAP1_SCAFFOLD_188
GCA_964194185.1	Primary Assembly	Un			CAXMLL010000328.1	Chromosome			unplaced-scaffold	44275			HAP1_SCAFFOLD_362
GCA_964194185.1	Primary Assembly	Un			CAXMLL010000329.1	Chromosome			unplaced-scaffold	174637			HAP1_SCAFFOLD_155
GCA_964194185.1	Primary Assembly	Un			CAXMLL010000330.1	Chromosome			unplaced-scaffold	21313			HAP1_SCAFFOLD_650
GCA_964194185.1	Primary Assembly	Un			CAXMLL010000331.1	Chromosome			unplaced-scaffold	43000			HAP1_SCAFFOLD_366
GCA_964194185.1	Primary Assembly	Un			CAXMLL010000332.1	Chromosome			unplaced-scaffold	37306			HAP1_SCAFFOLD_407
GCA_964194185.1	Primary Assembly	Un			CAXMLL010000333.1	Chromosome			unplaced-scaffold	1000			HAP1_SCAFFOLD_848
GCA_964194185.1	Primary Assembly	Un			CAXMLL010000334.1	Chromosome			unplaced-scaffold	36614			HAP1_SCAFFOLD_413
GCA_964194185.1	Primary Assembly	Un			CAXMLL010000335.1	Chromosome			unplaced-scaffold	3000			HAP1_SCAFFOLD_839
GCA_964194185.1	Primary Assembly	Un			CAXMLL010000336.1	Chromosome			unplaced-scaffold	52509			HAP1_SCAFFOLD_337
GCA_964194185.1	Primary Assembly	Un			CAXMLL010000337.1	Chromosome			unplaced-scaffold	24391			HAP1_SCAFFOLD_587
GCA_964194185.1	Primary Assembly	Un			CAXMLL010000338.1	Chromosome			unplaced-scaffold	15947			HAP1_SCAFFOLD_781
GCA_964194185.1	Primary Assembly	Un			CAXMLL010000339.1	Chromosome			unplaced-scaffold	99161			HAP1_SCAFFOLD_231
GCA_964194185.1	Primary Assembly	Un			CAXMLL010000340.1	Chromosome			unplaced-scaffold	27946			HAP1_SCAFFOLD_529
GCA_964194185.1	Primary Assembly	Un			CAXMLL010000341.1	Chromosome			unplaced-scaffold	25256			HAP1_SCAFFOLD_577
GCA_964194185.1	Primary Assembly	Un			CAXMLL010000342.1	Chromosome			unplaced-scaffold	30958			HAP1_SCAFFOLD_467
GCA_964194185.1	Primary Assembly	Un			CAXMLL010000343.1	Chromosome			unplaced-scaffold	93553			HAP1_SCAFFOLD_243
GCA_964194185.1	Primary Assembly	Un			CAXMLL010000344.1	Chromosome			unplaced-scaffold	61199			HAP1_SCAFFOLD_315
GCA_964194185.1	Primary Assembly	Un			CAXMLL010000345.1	Chromosome			unplaced-scaffold	20917			HAP1_SCAFFOLD_659
GCA_964194185.1	Primary Assembly	Un			CAXMLL010000346.1	Chromosome			unplaced-scaffold	217053			HAP1_SCAFFOLD_131
GCA_964194185.1	Primary Assembly	Un			CAXMLL010000347.1	Chromosome			unplaced-scaffold	1000			HAP1_SCAFFOLD_841
GCA_964194185.1	Primary Assembly	Un			CAXMLL010000348.1	Chromosome			unplaced-scaffold	29102			HAP1_SCAFFOLD_502
GCA_964194185.1	Primary Assembly	Un			CAXMLL010000349.1	Chromosome			unplaced-scaffold	38333			HAP1_SCAFFOLD_395
GCA_964194185.1	Primary Assembly	Un			CAXMLL010000350.1	Chromosome			unplaced-scaffold	21067			HAP1_SCAFFOLD_653
GCA_964194185.1	Primary Assembly	Un			CAXMLL010000351.1	Chromosome			unplaced-scaffold	28990			HAP1_SCAFFOLD_506
GCA_964194185.1	Primary Assembly	Un			CAXMLL010000352.1	Chromosome			unplaced-scaffold	95495			HAP1_SCAFFOLD_238
GCA_964194185.1	Primary Assembly	Un			CAXMLL010000353.1	Chromosome			unplaced-scaffold	92171			HAP1_SCAFFOLD_249
GCA_964194185.1	Primary Assembly	Un			CAXMLL010000354.1	Chromosome			unplaced-scaffold	367425			HAP1_SCAFFOLD_87
GCA_964194185.1	Primary Assembly	Un			CAXMLL010000355.1	Chromosome			unplaced-scaffold	15465			HAP1_SCAFFOLD_788
GCA_964194185.1	Primary Assembly	Un			CAXMLL010000356.1	Chromosome			unplaced-scaffold	1723826			HAP1_SCAFFOLD_32
GCA_964194185.1	Primary Assembly	Un			CAXMLL010000357.1	Chromosome			unplaced-scaffold	30270			HAP1_SCAFFOLD_482
GCA_964194185.1	Primary Assembly	Un			CAXMLL010000358.1	Chromosome			unplaced-scaffold	116833			HAP1_SCAFFOLD_204
GCA_964194185.1	Primary Assembly	Un			CAXMLL010000359.1	Chromosome			unplaced-scaffold	20029			HAP1_SCAFFOLD_674
GCA_964194185.1	Primary Assembly	Un			CAXMLL010000360.1	Chromosome			unplaced-scaffold	14282			HAP1_SCAFFOLD_805
GCA_964194185.1	Primary Assembly	Un			CAXMLL010000361.1	Chromosome			unplaced-scaffold	25808			HAP1_SCAFFOLD_566
GCA_964194185.1	Primary Assembly	Un			CAXMLL010000362.1	Chromosome			unplaced-scaffold	19713			HAP1_SCAFFOLD_684
GCA_964194185.1	Primary Assembly	Un			CAXMLL010000363.1	Chromosome			unplaced-scaffold	30746			HAP1_SCAFFOLD_472
GCA_964194185.1	Primary Assembly	Un			CAXMLL010000364.1	Chromosome			unplaced-scaffold	26046			HAP1_SCAFFOLD_562
GCA_964194185.1	Primary Assembly	Un			CAXMLL010000365.1	Chromosome			unplaced-scaffold	16042			HAP1_SCAFFOLD_778
GCA_964194185.1	Primary Assembly	Un			CAXMLL010000366.1	Chromosome			unplaced-scaffold	362332			HAP1_SCAFFOLD_88
GCA_964194185.1	Primary Assembly	Un			CAXMLL010000367.1	Chromosome			unplaced-scaffold	29385			HAP1_SCAFFOLD_493
GCA_964194185.1	Primary Assembly	Un			CAXMLL010000368.1	Chromosome			unplaced-scaffold	36096			HAP1_SCAFFOLD_419
GCA_964194185.1	Primary Assembly	Un			CAXMLL010000369.1	Chromosome			unplaced-scaffold	5000			HAP1_SCAFFOLD_833
GCA_964194185.1	Primary Assembly	Un			CAXMLL010000370.1	Chromosome			unplaced-scaffold	187017			HAP1_SCAFFOLD_149
GCA_964194185.1	Primary Assembly	Un			CAXMLL010000371.1	Chromosome			unplaced-scaffold	86000			HAP1_SCAFFOLD_264
GCA_964194185.1	Primary Assembly	Un			CAXMLL010000372.1	Chromosome			unplaced-scaffold	60035			HAP1_SCAFFOLD_320
GCA_964194185.1	Primary Assembly	Un			CAXMLL010000373.1	Chromosome			unplaced-scaffold	208950			HAP1_SCAFFOLD_138
GCA_964194185.1	Primary Assembly	Un			CAXMLL010000374.1	Chromosome			unplaced-scaffold	290653			HAP1_SCAFFOLD_104
GCA_964194185.1	Primary Assembly	Un			CAXMLL010000375.1	Chromosome			unplaced-scaffold	153350			HAP1_SCAFFOLD_171
GCA_964194185.1	Primary Assembly	Un			CAXMLL010000376.1	Chromosome			unplaced-scaffold	327000			HAP1_SCAFFOLD_95
GCA_964194185.1	Primary Assembly	Un			CAXMLL010000377.1	Chromosome			unplaced-scaffold	39309			HAP1_SCAFFOLD_387
GCA_964194185.1	Primary Assembly	Un			CAXMLL010000378.1	Chromosome			unplaced-scaffold	919263			HAP1_SCAFFOLD_41
GCA_964194185.1	Primary Assembly	Un			CAXMLL010000379.1	Chromosome			unplaced-scaffold	94602			HAP1_SCAFFOLD_240
GCA_964194185.1	Primary Assembly	Un			CAXMLL010000380.1	Chromosome			unplaced-scaffold	75839			HAP1_SCAFFOLD_281
GCA_964194185.1	Primary Assembly	Un			CAXMLL010000381.1	Chromosome			unplaced-scaffold	23552			HAP1_SCAFFOLD_601
GCA_964194185.1	Primary Assembly	Un			CAXMLL010000382.1	Chromosome			unplaced-scaffold	12907			HAP1_SCAFFOLD_816
GCA_964194185.1	Primary Assembly	Un			CAXMLL010000383.1	Chromosome			unplaced-scaffold	13569			HAP1_SCAFFOLD_812
GCA_964194185.1	Primary Assembly	Un			CAXMLL010000384.1	Chromosome			unplaced-scaffold	80907			HAP1_SCAFFOLD_271
GCA_964194185.1	Primary Assembly	Un			CAXMLL010000385.1	Chromosome			unplaced-scaffold	16900			HAP1_SCAFFOLD_743
GCA_964194185.1	Primary Assembly	Un			CAXMLL010000386.1	Chromosome			unplaced-scaffold	28572			HAP1_SCAFFOLD_515
GCA_964194185.1	Primary Assembly	Un			CAXMLL010000387.1	Chromosome			unplaced-scaffold	40282			HAP1_SCAFFOLD_377
GCA_964194185.1	Primary Assembly	Un			CAXMLL010000388.1	Chromosome			unplaced-scaffold	9451			HAP1_SCAFFOLD_827
GCA_964194185.1	Primary Assembly	Un			CAXMLL010000389.1	Chromosome			unplaced-scaffold	21491			HAP1_SCAFFOLD_645
GCA_964194185.1	Primary Assembly	Un			CAXMLL010000390.1	Chromosome			unplaced-scaffold	37000			HAP1_SCAFFOLD_410
GCA_964194185.1	Primary Assembly	Un			CAXMLL010000391.1	Chromosome			unplaced-scaffold	136000			HAP1_SCAFFOLD_181
GCA_964194185.1	Primary Assembly	Un			CAXMLL010000392.1	Chromosome			unplaced-scaffold	206734			HAP1_SCAFFOLD_140
GCA_964194185.1	Primary Assembly	Un			CAXMLL010000393.1	Chromosome			unplaced-scaffold	55268			HAP1_SCAFFOLD_329
GCA_964194185.1	Primary Assembly	Un			CAXMLL010000394.1	Chromosome			unplaced-scaffold	1000			HAP1_SCAFFOLD_844
GCA_964194185.1	Primary Assembly	Un			CAXMLL010000395.1	Chromosome			unplaced-scaffold	665060			HAP1_SCAFFOLD_51
GCA_964194185.1	Primary Assembly	Un			CAXMLL010000396.1	Chromosome			unplaced-scaffold	62000			HAP1_SCAFFOLD_313
GCA_964194185.1	Primary Assembly	Un			CAXMLL010000397.1	Chromosome			unplaced-scaffold	93414			HAP1_SCAFFOLD_245
GCA_964194185.1	Primary Assembly	Un			CAXMLL010000398.1	Chromosome			unplaced-scaffold	33433			HAP1_SCAFFOLD_437
GCA_964194185.1	Primary Assembly	Un			CAXMLL010000399.1	Chromosome			unplaced-scaffold	63000			HAP1_SCAFFOLD_307
GCA_964194185.1	Primary Assembly	Un			CAXMLL010000400.1	Chromosome			unplaced-scaffold	164765			HAP1_SCAFFOLD_161
GCA_964194185.1	Primary Assembly	Un			CAXMLL010000401.1	Chromosome			unplaced-scaffold	37892			HAP1_SCAFFOLD_399
GCA_964194185.1	Primary Assembly	Un			CAXMLL010000402.1	Chromosome			unplaced-scaffold	117934			HAP1_SCAFFOLD_201
GCA_964194185.1	Primary Assembly	Un			CAXMLL010000403.1	Chromosome			unplaced-scaffold	43000			HAP1_SCAFFOLD_367
GCA_964194185.1	Primary Assembly	Un			CAXMLL010000404.1	Chromosome			unplaced-scaffold	192861			HAP1_SCAFFOLD_145
GCA_964194185.1	Primary Assembly	Un			CAXMLL010000405.1	Chromosome			unplaced-scaffold	19777			HAP1_SCAFFOLD_681
GCA_964194185.1	Primary Assembly	Un			CAXMLL010000406.1	Chromosome			unplaced-scaffold	36358			HAP1_SCAFFOLD_415
GCA_964194185.1	Primary Assembly	Un			CAXMLL010000407.1	Chromosome			unplaced-scaffold	21656			HAP1_SCAFFOLD_640
GCA_964194185.1	Primary Assembly	Un			CAXMLL010000408.1	Chromosome			unplaced-scaffold	28906			HAP1_SCAFFOLD_510
GCA_964194185.1	Primary Assembly	Un			CAXMLL010000409.1	Chromosome			unplaced-scaffold	86866			HAP1_SCAFFOLD_261
GCA_964194185.1	Primary Assembly	Un			CAXMLL010000410.1	Chromosome			unplaced-scaffold	298766			HAP1_SCAFFOLD_101
GCA_964194185.1	Primary Assembly	Un			CAXMLL010000411.1	Chromosome			unplaced-scaffold	368614			HAP1_SCAFFOLD_86
GCA_964194185.1	Primary Assembly	Un			CAXMLL010000412.1	Chromosome			unplaced-scaffold	14729			HAP1_SCAFFOLD_800
GCA_964194185.1	Primary Assembly	Un			CAXMLL010000413.1	Chromosome			unplaced-scaffold	142492			HAP1_SCAFFOLD_174
GCA_964194185.1	Primary Assembly	Un			CAXMLL010000414.1	Chromosome			unplaced-scaffold	24433			HAP1_SCAFFOLD_586
GCA_964194185.1	Primary Assembly	Un			CAXMLL010000415.1	Chromosome			unplaced-scaffold	20599			HAP1_SCAFFOLD_664
GCA_964194185.1	Primary Assembly	Un			CAXMLL010000416.1	Chromosome			unplaced-scaffold	35671			HAP1_SCAFFOLD_423
GCA_964194185.1	Primary Assembly	Un			CAXMLL010000417.1	Chromosome			unplaced-scaffold	18243			HAP1_SCAFFOLD_708
GCA_964194185.1	Primary Assembly	Un			CAXMLL010000418.1	Chromosome			unplaced-scaffold	52786			HAP1_SCAFFOLD_336
GCA_964194185.1	Primary Assembly	Un			CAXMLL010000419.1	Chromosome			unplaced-scaffold	54327			HAP1_SCAFFOLD_332
GCA_964194185.1	Primary Assembly	Un			CAXMLL010000420.1	Chromosome			unplaced-scaffold	39017			HAP1_SCAFFOLD_390
GCA_964194185.1	Primary Assembly	Un			CAXMLL010000421.1	Chromosome			unplaced-scaffold	37469			HAP1_SCAFFOLD_406
GCA_964194185.1	Primary Assembly	Un			CAXMLL010000422.1	Chromosome			unplaced-scaffold	37764			HAP1_SCAFFOLD_402
GCA_964194185.1	Primary Assembly	Un			CAXMLL010000423.1	Chromosome			unplaced-scaffold	73977			HAP1_SCAFFOLD_284
GCA_964194185.1	Primary Assembly	Un			CAXMLL010000424.1	Chromosome			unplaced-scaffold	79666			HAP1_SCAFFOLD_274
GCA_964194185.1	Primary Assembly	Un			CAXMLL010000425.1	Chromosome			unplaced-scaffold	23463			HAP1_SCAFFOLD_604
GCA_964194185.1	Primary Assembly	Un			CAXMLL010000426.1	Chromosome			unplaced-scaffold	28351			HAP1_SCAFFOLD_519
GCA_964194185.1	Primary Assembly	Un			CAXMLL010000427.1	Chromosome			unplaced-scaffold	56907			HAP1_SCAFFOLD_325
GCA_964194185.1	Primary Assembly	Un			CAXMLL010000428.1	Chromosome			unplaced-scaffold	21343			HAP1_SCAFFOLD_649
GCA_964194185.1	Primary Assembly	Un			CAXMLL010000429.1	Chromosome			unplaced-scaffold	25355			HAP1_SCAFFOLD_572
GCA_964194185.1	Primary Assembly	Un			CAXMLL010000430.1	Chromosome			unplaced-scaffold	90000			HAP1_SCAFFOLD_253
GCA_964194185.1	Primary Assembly	Un			CAXMLL010000431.1	Chromosome			unplaced-scaffold	31020			HAP1_SCAFFOLD_466
GCA_964194185.1	Primary Assembly	Un			CAXMLL010000432.1	Chromosome			unplaced-scaffold	25312			HAP1_SCAFFOLD_576
GCA_964194185.1	Primary Assembly	Un			CAXMLL010000433.1	Chromosome			unplaced-scaffold	1078578			HAP1_SCAFFOLD_39
GCA_964194185.1	Primary Assembly	Un			CAXMLL010000434.1	Chromosome			unplaced-scaffold	23939			HAP1_SCAFFOLD_593
GCA_964194185.1	Primary Assembly	Un			CAXMLL010000435.1	Chromosome			unplaced-scaffold	133735			HAP1_SCAFFOLD_184
GCA_964194185.1	Primary Assembly	Un			CAXMLL010000436.1	Chromosome			unplaced-scaffold	16796			HAP1_SCAFFOLD_768
GCA_964194185.1	Primary Assembly	Un			CAXMLL010000437.1	Chromosome			unplaced-scaffold	42000			HAP1_SCAFFOLD_370
GCA_964194185.1	Primary Assembly	Un			CAXMLL010000438.1	Chromosome			unplaced-scaffold	37717			HAP1_SCAFFOLD_403
GCA_964194185.1	Primary Assembly	Un			CAXMLL010000439.1	Chromosome			unplaced-scaffold	181000			HAP1_SCAFFOLD_152
GCA_964194185.1	Primary Assembly	Un			CAXMLL010000440.1	Chromosome			unplaced-scaffold	54138			HAP1_SCAFFOLD_333
GCA_964194185.1	Primary Assembly	Un			CAXMLL010000441.1	Chromosome			unplaced-scaffold	188818			HAP1_SCAFFOLD_147
GCA_964194185.1	Primary Assembly	Un			CAXMLL010000442.1	Chromosome			unplaced-scaffold	585060			HAP1_SCAFFOLD_53
GCA_964194185.1	Primary Assembly	Un			CAXMLL010000443.1	Chromosome			unplaced-scaffold	43213			HAP1_SCAFFOLD_365
GCA_964194185.1	Primary Assembly	Un			CAXMLL010000444.1	Chromosome			unplaced-scaffold	36253			HAP1_SCAFFOLD_417
GCA_964194185.1	Primary Assembly	Un			CAXMLL010000445.1	Chromosome			unplaced-scaffold	12083			HAP1_SCAFFOLD_820
GCA_964194185.1	Primary Assembly	Un			CAXMLL010000446.1	Chromosome			unplaced-scaffold	173220			HAP1_SCAFFOLD_156
GCA_964194185.1	Primary Assembly	Un			CAXMLL010000447.1	Chromosome			unplaced-scaffold	1093840			HAP1_SCAFFOLD_38
GCA_964194185.1	Primary Assembly	Un			CAXMLL010000448.1	Chromosome			unplaced-scaffold	35719			HAP1_SCAFFOLD_422
GCA_964194185.1	Primary Assembly	Un			CAXMLL010000449.1	Chromosome			unplaced-scaffold	24658			HAP1_SCAFFOLD_583
GCA_964194185.1	Primary Assembly	Un			CAXMLL010000450.1	Chromosome			unplaced-scaffold	125000			HAP1_SCAFFOLD_194
GCA_964194185.1	Primary Assembly	Un			CAXMLL010000451.1	Chromosome			unplaced-scaffold	35000			HAP1_SCAFFOLD_426
GCA_964194185.1	Primary Assembly	Un			CAXMLL010000452.1	Chromosome			unplaced-scaffold	23770			HAP1_SCAFFOLD_596
GCA_964194185.1	Primary Assembly	Un			CAXMLL010000453.1	Chromosome			unplaced-scaffold	63179			HAP1_SCAFFOLD_305
GCA_964194185.1	Primary Assembly	Un			CAXMLL010000454.1	Chromosome			unplaced-scaffold	27923			HAP1_SCAFFOLD_530
GCA_964194185.1	Primary Assembly	Un			CAXMLL010000455.1	Chromosome			unplaced-scaffold	23954			HAP1_SCAFFOLD_592
GCA_964194185.1	Primary Assembly	Un			CAXMLL010000456.1	Chromosome			unplaced-scaffold	89309			HAP1_SCAFFOLD_256
GCA_964194185.1	Primary Assembly	Un			CAXMLL010000457.1	Chromosome			unplaced-scaffold	22427			HAP1_SCAFFOLD_624
GCA_964194185.1	Primary Assembly	Un			CAXMLL010000458.1	Chromosome			unplaced-scaffold	33979			HAP1_SCAFFOLD_435
GCA_964194185.1	Primary Assembly	Un			CAXMLL010000459.1	Chromosome			unplaced-scaffold	93000			HAP1_SCAFFOLD_247
GCA_964194185.1	Primary Assembly	Un			CAXMLL010000460.1	Chromosome			unplaced-scaffold	91109			HAP1_SCAFFOLD_252
GCA_964194185.1	Primary Assembly	Un			CAXMLL010000461.1	Chromosome			unplaced-scaffold	68000			HAP1_SCAFFOLD_294
GCA_964194185.1	Primary Assembly	Un			CAXMLL010000462.1	Chromosome			unplaced-scaffold	49781			HAP1_SCAFFOLD_341
GCA_964194185.1	Primary Assembly	Un			CAXMLL010000463.1	Chromosome			unplaced-scaffold	26414			HAP1_SCAFFOLD_554
GCA_964194185.1	Primary Assembly	Un			CAXMLL010000464.1	Chromosome			unplaced-scaffold	40000			HAP1_SCAFFOLD_380
GCA_964194185.1	Primary Assembly	Un			CAXMLL010000465.1	Chromosome			unplaced-scaffold	56310			HAP1_SCAFFOLD_327
GCA_964194185.1	Primary Assembly	Un			CAXMLL010000466.1	Chromosome			unplaced-scaffold	7388			HAP1_SCAFFOLD_829
GCA_964194185.1	Primary Assembly	Un			CAXMLL010000467.1	Chromosome			unplaced-scaffold	40035			HAP1_SCAFFOLD_379
GCA_964194185.1	Primary Assembly	Un			CAXMLL010000468.1	Chromosome			unplaced-scaffold	18000			HAP1_SCAFFOLD_714
GCA_964194185.1	Primary Assembly	Un			CAXMLL010000469.1	Chromosome			unplaced-scaffold	104000			HAP1_SCAFFOLD_221
GCA_964194185.1	Primary Assembly	Un			CAXMLL010000470.1	Chromosome			unplaced-scaffold	61000			HAP1_SCAFFOLD_316
GCA_964194185.1	Primary Assembly	Un			CAXMLL010000471.1	Chromosome			unplaced-scaffold	62225			HAP1_SCAFFOLD_312
GCA_964194185.1	Primary Assembly	Un			CAXMLL010000472.1	Chromosome			unplaced-scaffold	22727			HAP1_SCAFFOLD_618
GCA_964194185.1	Primary Assembly	Un			CAXMLL010000473.1	Chromosome			unplaced-scaffold	27455			HAP1_SCAFFOLD_539
GCA_964194185.1	Primary Assembly	Un			CAXMLL010000474.1	Chromosome			unplaced-scaffold	39121			HAP1_SCAFFOLD_389
GCA_964194185.1	Primary Assembly	Un			CAXMLL010000475.1	Chromosome			unplaced-scaffold	127688			HAP1_SCAFFOLD_191
GCA_964194185.1	Primary Assembly	Un			CAXMLL010000476.1	Chromosome			unplaced-scaffold	107847			HAP1_SCAFFOLD_218
GCA_964194185.1	Primary Assembly	Un			CAXMLL010000477.1	Chromosome			unplaced-scaffold	42030			HAP1_SCAFFOLD_369
GCA_964194185.1	Primary Assembly	Un			CAXMLL010000478.1	Chromosome			unplaced-scaffold	38284			HAP1_SCAFFOLD_397
GCA_964194185.1	Primary Assembly	Un			CAXMLL010000479.1	Chromosome			unplaced-scaffold	22587			HAP1_SCAFFOLD_621
GCA_964194185.1	Primary Assembly	Un			CAXMLL010000480.1	Chromosome			unplaced-scaffold	71128			HAP1_SCAFFOLD_291
GCA_964194185.1	Primary Assembly	Un			CAXMLL010000481.1	Chromosome			unplaced-scaffold	63000			HAP1_SCAFFOLD_309
GCA_964194185.1	Primary Assembly	Un			CAXMLL010000482.1	Chromosome			unplaced-scaffold	14006			HAP1_SCAFFOLD_807
GCA_964194185.1	Primary Assembly	Un			CAXMLL010000483.1	Chromosome			unplaced-scaffold	32177			HAP1_SCAFFOLD_448
GCA_964194185.1	Primary Assembly	Un			CAXMLL010000484.1	Chromosome			unplaced-scaffold	13428			HAP1_SCAFFOLD_813
GCA_964194185.1	Primary Assembly	Un			CAXMLL010000485.1	Chromosome			unplaced-scaffold	48874			HAP1_SCAFFOLD_344
GCA_964194185.1	Primary Assembly	Un			CAXMLL010000486.1	Chromosome			unplaced-scaffold	26655			HAP1_SCAFFOLD_551
GCA_964194185.1	Primary Assembly	Un			CAXMLL010000487.1	Chromosome			unplaced-scaffold	360868			HAP1_SCAFFOLD_89
GCA_964194185.1	Primary Assembly	Un			CAXMLL010000488.1	Chromosome			unplaced-scaffold	28063			HAP1_SCAFFOLD_526
GCA_964194185.1	Primary Assembly	Un			CAXMLL010000489.1	Chromosome			unplaced-scaffold	28127			HAP1_SCAFFOLD_522
GCA_964194185.1	Primary Assembly	Un			CAXMLL010000490.1	Chromosome			unplaced-scaffold	19125			HAP1_SCAFFOLD_694
GCA_964194185.1	Primary Assembly	Un			CAXMLL010000491.1	Chromosome			unplaced-scaffold	21089			HAP1_SCAFFOLD_652
GCA_964194185.1	Primary Assembly	Un			CAXMLL010000492.1	Chromosome			unplaced-scaffold	21383			HAP1_SCAFFOLD_647
GCA_964194185.1	Primary Assembly	Un			CAXMLL010000493.1	Chromosome			unplaced-scaffold	10158			HAP1_SCAFFOLD_825
GCA_964194185.1	Primary Assembly	Un			CAXMLL010000494.1	Chromosome			unplaced-scaffold	29092			HAP1_SCAFFOLD_503
GCA_964194185.1	Primary Assembly	Un			CAXMLL010000495.1	Chromosome			unplaced-scaffold	18037			HAP1_SCAFFOLD_711
GCA_964194185.1	Primary Assembly	Un			CAXMLL010000496.1	Chromosome			unplaced-scaffold	44704			HAP1_SCAFFOLD_360
GCA_964194185.1	Primary Assembly	Un			CAXMLL010000497.1	Chromosome			unplaced-scaffold	103000			HAP1_SCAFFOLD_224
GCA_964194185.1	Primary Assembly	Un			CAXMLL010000498.1	Chromosome			unplaced-scaffold	21001			HAP1_SCAFFOLD_656
GCA_964194185.1	Primary Assembly	Un			CAXMLL010000499.1	Chromosome			unplaced-scaffold	1991281			HAP1_SCAFFOLD_30
GCA_964194185.1	Primary Assembly	Un			CAXMLL010000500.1	Chromosome			unplaced-scaffold	40622			HAP1_SCAFFOLD_375
GCA_964194185.1	Primary Assembly	Un			CAXMLL010000501.1	Chromosome			unplaced-scaffold	827940			HAP1_SCAFFOLD_43
GCA_964194185.1	Primary Assembly	Un			CAXMLL010000502.1	Chromosome			unplaced-scaffold	39587			HAP1_SCAFFOLD_385
GCA_964194185.1	Primary Assembly	Un			CAXMLL010000503.1	Chromosome			unplaced-scaffold	31888			HAP1_SCAFFOLD_454
GCA_964194185.1	Primary Assembly	Un			CAXMLL010000504.1	Chromosome			unplaced-scaffold	3000			HAP1_SCAFFOLD_836
GCA_964194185.1	Primary Assembly	Un			CAXMLL010000505.1	Chromosome			unplaced-scaffold	44833			HAP1_SCAFFOLD_358
GCA_964194185.1	Primary Assembly	Un			CAXMLL010000506.1	Chromosome			unplaced-scaffold	5000			HAP1_SCAFFOLD_832
GCA_964194185.1	Primary Assembly	Un			CAXMLL010000507.1	Chromosome			unplaced-scaffold	34642			HAP1_SCAFFOLD_430
GCA_964194185.1	Primary Assembly	Un			CAXMLL010000508.1	Chromosome			unplaced-scaffold	230325			HAP1_SCAFFOLD_124
GCA_964194185.1	Primary Assembly	Un			CAXMLL010000509.1	Chromosome			unplaced-scaffold	29316			HAP1_SCAFFOLD_496
GCA_964194185.1	Primary Assembly	Un			CAXMLL010000510.1	Chromosome			unplaced-scaffold	1260706			HAP1_SCAFFOLD_36
GCA_964194185.1	Primary Assembly	Un			CAXMLL010000511.1	Chromosome			unplaced-scaffold	27846			HAP1_SCAFFOLD_535
GCA_964194185.1	Primary Assembly	Un			CAXMLL010000512.1	Chromosome			unplaced-scaffold	65179			HAP1_SCAFFOLD_300
GCA_964194185.1	Primary Assembly	Un			CAXMLL010000513.1	Chromosome			unplaced-scaffold	25999			HAP1_SCAFFOLD_563
GCA_964194185.1	Primary Assembly	Un			CAXMLL010000514.1	Chromosome			unplaced-scaffold	14820			HAP1_SCAFFOLD_798
GCA_964194185.1	Primary Assembly	Un			CAXMLL010000515.1	Chromosome			unplaced-scaffold	16805			HAP1_SCAFFOLD_767
GCA_964194185.1	Primary Assembly	Un			CAXMLL010000516.1	Chromosome			unplaced-scaffold	26096			HAP1_SCAFFOLD_561
GCA_964194185.1	Primary Assembly	Un			CAXMLL010000517.1	Chromosome			unplaced-scaffold	111919			HAP1_SCAFFOLD_210
GCA_964194185.1	Primary Assembly	Un			CAXMLL010000518.1	Chromosome			unplaced-scaffold	341564			HAP1_SCAFFOLD_92
GCA_964194185.1	Primary Assembly	Un			CAXMLL010000519.1	Chromosome			unplaced-scaffold	21889			HAP1_SCAFFOLD_637
GCA_964194185.1	Primary Assembly	Un			CAXMLL010000520.1	Chromosome			unplaced-scaffold	818846			HAP1_SCAFFOLD_44
GCA_964194185.1	Primary Assembly	Un			CAXMLL010000521.1	Chromosome			unplaced-scaffold	18014			HAP1_SCAFFOLD_713
GCA_964194185.1	Primary Assembly	Un			CAXMLL010000522.1	Chromosome			unplaced-scaffold	29128			HAP1_SCAFFOLD_501
GCA_964194185.1	Primary Assembly	Un			CAXMLL010000523.1	Chromosome			unplaced-scaffold	1000			HAP1_SCAFFOLD_842
GCA_964194185.1	Primary Assembly	Un			CAXMLL010000524.1	Chromosome			unplaced-scaffold	18319			HAP1_SCAFFOLD_707
GCA_964194185.1	Primary Assembly	Un			CAXMLL010000525.1	Chromosome			unplaced-scaffold	44786			HAP1_SCAFFOLD_359
GCA_964194185.1	Primary Assembly	Un			CAXMLL010000526.1	Chromosome			unplaced-scaffold	1000			HAP1_SCAFFOLD_846
GCA_964194185.1	Primary Assembly	Un			CAXMLL010000527.1	Chromosome			unplaced-scaffold	269000			HAP1_SCAFFOLD_110
GCA_964194185.1	Primary Assembly	Un			CAXMLL010000528.1	Chromosome			unplaced-scaffold	30326			HAP1_SCAFFOLD_481
GCA_964194185.1	Primary Assembly	Un			CAXMLL010000529.1	Chromosome			unplaced-scaffold	22907			HAP1_SCAFFOLD_615
GCA_964194185.1	Primary Assembly	Un			CAXMLL010000530.1	Chromosome			unplaced-scaffold	27078			HAP1_SCAFFOLD_545
GCA_964194185.1	Primary Assembly	Un			CAXMLL010000531.1	Chromosome			unplaced-scaffold	69767			HAP1_SCAFFOLD_293
GCA_964194185.1	Primary Assembly	Un			CAXMLL010000532.1	Chromosome			unplaced-scaffold	13690			HAP1_SCAFFOLD_811
GCA_964194185.1	Primary Assembly	Un			CAXMLL010000533.1	Chromosome			unplaced-scaffold	1280387			HAP1_SCAFFOLD_35
GCA_964194185.1	Primary Assembly	Un			CAXMLL010000534.1	Chromosome			unplaced-scaffold	23399			HAP1_SCAFFOLD_606
GCA_964194185.1	Primary Assembly	Un			CAXMLL010000535.1	Chromosome			unplaced-scaffold	80876			HAP1_SCAFFOLD_272
GCA_964194185.1	Primary Assembly	Un			CAXMLL010000536.1	Chromosome			unplaced-scaffold	78119			HAP1_SCAFFOLD_276
GCA_964194185.1	Primary Assembly	Un			CAXMLL010000537.1	Chromosome			unplaced-scaffold	23497			HAP1_SCAFFOLD_602
GCA_964194185.1	Primary Assembly	Un			CAXMLL010000538.1	Chromosome			unplaced-scaffold	17464			HAP1_SCAFFOLD_725
GCA_964194185.1	Primary Assembly	Un			CAXMLL010000539.1	Chromosome			unplaced-scaffold	134441			HAP1_SCAFFOLD_182
GCA_964194185.1	Primary Assembly	Un			CAXMLL010000540.1	Chromosome			unplaced-scaffold	132000			HAP1_SCAFFOLD_186
GCA_964194185.1	Primary Assembly	Un			CAXMLL010000541.1	Chromosome			unplaced-scaffold	42793			HAP1_SCAFFOLD_368
GCA_964194185.1	Primary Assembly	Un			CAXMLL010000542.1	Chromosome			unplaced-scaffold	25327			HAP1_SCAFFOLD_574
GCA_964194185.1	Primary Assembly	Un			CAXMLL010000543.1	Chromosome			unplaced-scaffold	31267			HAP1_SCAFFOLD_464
GCA_964194185.1	Primary Assembly	Un			CAXMLL010000544.1	Chromosome			unplaced-scaffold	22530			HAP1_SCAFFOLD_623
GCA_964194185.1	Primary Assembly	Un			CAXMLL010000545.1	Chromosome			unplaced-scaffold	381764			HAP1_SCAFFOLD_79
GCA_964194185.1	Primary Assembly	Un			CAXMLL010000546.1	Chromosome			unplaced-scaffold	106271			HAP1_SCAFFOLD_219
GCA_964194185.1	Primary Assembly	Un			CAXMLL010000547.1	Chromosome			unplaced-scaffold	20722			HAP1_SCAFFOLD_662
GCA_964194185.1	Primary Assembly	Un			CAXMLL010000548.1	Chromosome			unplaced-scaffold	20349			HAP1_SCAFFOLD_666
GCA_964194185.1	Primary Assembly	Un			CAXMLL010000549.1	Chromosome			unplaced-scaffold	48080			HAP1_SCAFFOLD_350
GCA_964194185.1	Primary Assembly	Un			CAXMLL010000550.1	Chromosome			unplaced-scaffold	24645			HAP1_SCAFFOLD_584
GCA_964194185.1	Primary Assembly	Un			CAXMLL010000551.1	Chromosome			unplaced-scaffold	125482			HAP1_SCAFFOLD_193
GCA_964194185.1	Primary Assembly	Un			CAXMLL010000552.1	Chromosome			unplaced-scaffold	141664			HAP1_SCAFFOLD_176
GCA_964194185.1	Primary Assembly	Un			CAXMLL010000553.1	Chromosome			unplaced-scaffold	143000			HAP1_SCAFFOLD_172
GCA_964194185.1	Primary Assembly	Un			CAXMLL010000554.1	Chromosome			unplaced-scaffold	15443			HAP1_SCAFFOLD_790
GCA_964194185.1	Primary Assembly	Un			CAXMLL010000555.1	Chromosome			unplaced-scaffold	73629			HAP1_SCAFFOLD_286
GCA_964194185.1	Primary Assembly	Un			CAXMLL010000556.1	Chromosome			unplaced-scaffold	74825			HAP1_SCAFFOLD_282
GCA_964194185.1	Primary Assembly	Un			CAXMLL010000557.1	Chromosome			unplaced-scaffold	63000			HAP1_SCAFFOLD_308
GCA_964194185.1	Primary Assembly	Un			CAXMLL010000558.1	Chromosome			unplaced-scaffold	248746			HAP1_SCAFFOLD_119
GCA_964194185.1	Primary Assembly	Un			CAXMLL010000559.1	Chromosome			unplaced-scaffold	54083			HAP1_SCAFFOLD_334
GCA_964194185.1	Primary Assembly	Un			CAXMLL010000560.1	Chromosome			unplaced-scaffold	32169			HAP1_SCAFFOLD_449
GCA_964194185.1	Primary Assembly	Un			CAXMLL010000561.1	Chromosome			unplaced-scaffold	33349			HAP1_SCAFFOLD_438
GCA_964194185.1	Primary Assembly	Un			CAXMLL010000562.1	Chromosome			unplaced-scaffold	9087			HAP1_SCAFFOLD_828
GCA_964194185.1	Primary Assembly	Un			CAXMLL010000563.1	Chromosome			unplaced-scaffold	234319			HAP1_SCAFFOLD_123
GCA_964194185.1	Primary Assembly	Un			CAXMLL010000564.1	Chromosome			unplaced-scaffold	19748			HAP1_SCAFFOLD_682
GCA_964194185.1	Primary Assembly	Un			CAXMLL010000565.1	Chromosome			unplaced-scaffold	19502			HAP1_SCAFFOLD_686
GCA_964194185.1	Primary Assembly	Un			CAXMLL010000566.1	Chromosome			unplaced-scaffold	30601			HAP1_SCAFFOLD_474
GCA_964194185.1	Primary Assembly	Un			CAXMLL010000567.1	Chromosome			unplaced-scaffold	25959			HAP1_SCAFFOLD_564
GCA_964194185.1	Primary Assembly	Un			CAXMLL010000568.1	Chromosome			unplaced-scaffold	40177			HAP1_SCAFFOLD_378
GCA_964194185.1	Primary Assembly	Un			CAXMLL010000569.1	Chromosome			unplaced-scaffold	17720			HAP1_SCAFFOLD_720
GCA_964194185.1	Primary Assembly	Un			CAXMLL010000570.1	Chromosome			unplaced-scaffold	281701			HAP1_SCAFFOLD_106
GCA_964194185.1	Primary Assembly	Un			CAXMLL010000571.1	Chromosome			unplaced-scaffold	294855			HAP1_SCAFFOLD_102
GCA_964194185.1	Primary Assembly	Un			CAXMLL010000572.1	Chromosome			unplaced-scaffold	85547			HAP1_SCAFFOLD_266
GCA_964194185.1	Primary Assembly	Un			CAXMLL010000573.1	Chromosome			unplaced-scaffold	86811			HAP1_SCAFFOLD_262
GCA_964194185.1	Primary Assembly	Un			CAXMLL010000574.1	Chromosome			unplaced-scaffold	31979			HAP1_SCAFFOLD_453
GCA_964194185.1	Primary Assembly	Un			CAXMLL010000575.1	Chromosome			unplaced-scaffold	22664			HAP1_SCAFFOLD_619
GCA_964194185.1	Primary Assembly	Un			CAXMLL010000576.1	Chromosome			unplaced-scaffold	103164			HAP1_SCAFFOLD_223
GCA_964194185.1	Primary Assembly	Un			CAXMLL010000577.1	Chromosome			unplaced-scaffold	26769			HAP1_SCAFFOLD_549
GCA_964194185.1	Primary Assembly	Un			CAXMLL010000578.1	Chromosome			unplaced-scaffold	27675			HAP1_SCAFFOLD_538
GCA_964194185.1	Primary Assembly	Un			CAXMLL010000579.1	Chromosome			unplaced-scaffold	15238			HAP1_SCAFFOLD_795
GCA_964194185.1	Primary Assembly	Un			CAXMLL010000580.1	Chromosome			unplaced-scaffold	39274			HAP1_SCAFFOLD_388
GCA_964194185.1	Primary Assembly	Un			CAXMLL010000581.1	Chromosome			unplaced-scaffold	19914			HAP1_SCAFFOLD_676
GCA_964194185.1	Primary Assembly	Un			CAXMLL010000582.1	Chromosome			unplaced-scaffold	117748			HAP1_SCAFFOLD_202
GCA_964194185.1	Primary Assembly	Un			CAXMLL010000583.1	Chromosome			unplaced-scaffold	30219			HAP1_SCAFFOLD_484
GCA_964194185.1	Primary Assembly	Un			CAXMLL010000584.1	Chromosome			unplaced-scaffold	115466			HAP1_SCAFFOLD_206
GCA_964194185.1	Primary Assembly	Un			CAXMLL010000585.1	Chromosome			unplaced-scaffold	20105			HAP1_SCAFFOLD_672
GCA_964194185.1	Primary Assembly	Un			CAXMLL010000586.1	Chromosome			unplaced-scaffold	45413			HAP1_SCAFFOLD_355
GCA_964194185.1	Primary Assembly	Un			CAXMLL010000587.1	Chromosome			unplaced-scaffold	164345			HAP1_SCAFFOLD_162
GCA_964194185.1	Primary Assembly	Un			CAXMLL010000588.1	Chromosome			unplaced-scaffold	160120			HAP1_SCAFFOLD_166
GCA_964194185.1	Primary Assembly	Un			CAXMLL010000589.1	Chromosome			unplaced-scaffold	19143			HAP1_SCAFFOLD_693
GCA_964194185.1	Primary Assembly	Un			CAXMLL010000590.1	Chromosome			unplaced-scaffold	490246			HAP1_SCAFFOLD_61
GCA_964194185.1	Primary Assembly	Un			CAXMLL010000591.1	Chromosome			unplaced-scaffold	108949			HAP1_SCAFFOLD_215
GCA_964194185.1	Primary Assembly	Un			CAXMLL010000592.1	Chromosome			unplaced-scaffold	49546			HAP1_SCAFFOLD_343
GCA_964194185.1	Primary Assembly	Un			CAXMLL010000593.1	Chromosome			unplaced-scaffold	210000			HAP1_SCAFFOLD_137
GCA_964194185.1	Primary Assembly	Un			CAXMLL010000594.1	Chromosome			unplaced-scaffold	16063			HAP1_SCAFFOLD_777
GCA_964194185.1	Primary Assembly	Un			CAXMLL010000595.1	Chromosome			unplaced-scaffold	17403			HAP1_SCAFFOLD_729
GCA_964194185.1	Primary Assembly	Un			CAXMLL010000596.1	Chromosome			unplaced-scaffold	31421			HAP1_SCAFFOLD_461
GCA_964194185.1	Primary Assembly	Un			CAXMLL010000597.1	Chromosome			unplaced-scaffold	27426			HAP1_SCAFFOLD_540
GCA_964194185.1	Primary Assembly	Un			CAXMLL010000598.1	Chromosome			unplaced-scaffold	96153			HAP1_SCAFFOLD_237
GCA_964194185.1	Primary Assembly	Un			CAXMLL010000599.1	Chromosome			unplaced-scaffold	15502			HAP1_SCAFFOLD_787
GCA_964194185.1	Primary Assembly	Un			CAXMLL010000600.1	Chromosome			unplaced-scaffold	259332			HAP1_SCAFFOLD_115
GCA_964194185.1	Primary Assembly	Un			CAXMLL010000601.1	Chromosome			unplaced-scaffold	37842			HAP1_SCAFFOLD_401
GCA_964194185.1	Primary Assembly	Un			CAXMLL010000602.1	Chromosome			unplaced-scaffold	304234			HAP1_SCAFFOLD_99
GCA_964194185.1	Primary Assembly	Un			CAXMLL010000603.1	Chromosome			unplaced-scaffold	54506			HAP1_SCAFFOLD_331
GCA_964194185.1	Primary Assembly	Un			CAXMLL010000604.1	Chromosome			unplaced-scaffold	91705			HAP1_SCAFFOLD_251
GCA_964194185.1	Primary Assembly	Un			CAXMLL010000605.1	Chromosome			unplaced-scaffold	24042			HAP1_SCAFFOLD_591
GCA_964194185.1	Primary Assembly	Un			CAXMLL010000606.1	Chromosome			unplaced-scaffold	49774			HAP1_SCAFFOLD_342
GCA_964194185.1	Primary Assembly	Un			CAXMLL010000607.1	Chromosome			unplaced-scaffold	45042			HAP1_SCAFFOLD_357
GCA_964194185.1	Primary Assembly	Un			CAXMLL010000608.1	Chromosome			unplaced-scaffold	18235			HAP1_SCAFFOLD_709
GCA_964194185.1	Primary Assembly	Un			CAXMLL010000609.1	Chromosome			unplaced-scaffold	48421			HAP1_SCAFFOLD_346
GCA_964194185.1	Primary Assembly	Un			CAXMLL010000610.1	Chromosome			unplaced-scaffold	310318			HAP1_SCAFFOLD_98
GCA_964194185.1	Primary Assembly	Un			CAXMLL010000611.1	Chromosome			unplaced-scaffold	16897			HAP1_SCAFFOLD_744
GCA_964194185.1	Primary Assembly	Un			CAXMLL010000612.1	Chromosome			unplaced-scaffold	28365			HAP1_SCAFFOLD_518
GCA_964194185.1	Primary Assembly	Un			CAXMLL010000613.1	Chromosome			unplaced-scaffold	319000			HAP1_SCAFFOLD_97
GCA_964194185.1	Primary Assembly	Un			CAXMLL010000614.1	Chromosome			unplaced-scaffold	182394			HAP1_SCAFFOLD_151
GCA_964194185.1	Primary Assembly	Un			CAXMLL010000615.1	Chromosome			unplaced-scaffold	16760			HAP1_SCAFFOLD_769
GCA_964194185.1	Primary Assembly	Un			CAXMLL010000616.1	Chromosome			unplaced-scaffold	35957			HAP1_SCAFFOLD_421
GCA_964194185.1	Primary Assembly	Un			CAXMLL010000617.1	Chromosome			unplaced-scaffold	32077			HAP1_SCAFFOLD_452
GCA_964194185.1	Primary Assembly	Un			CAXMLL010000618.1	Chromosome			unplaced-scaffold	32476			HAP1_SCAFFOLD_447
GCA_964194185.1	Primary Assembly	Un			CAXMLL010000619.1	Chromosome			unplaced-scaffold	86548			HAP1_SCAFFOLD_263
GCA_964194185.1	Primary Assembly	Un			CAXMLL010000620.1	Chromosome			unplaced-scaffold	97435			HAP1_SCAFFOLD_235
GCA_964194185.1	Primary Assembly	Un			CAXMLL010000621.1	Chromosome			unplaced-scaffold	255777			HAP1_SCAFFOLD_117
GCA_964194185.1	Primary Assembly	Un			CAXMLL010000622.1	Chromosome			unplaced-scaffold	4000			HAP1_SCAFFOLD_834
GCA_964194185.1	Primary Assembly	Un			CAXMLL010000623.1	Chromosome			unplaced-scaffold	31749			HAP1_SCAFFOLD_456
GCA_964194185.1	Primary Assembly	Un			CAXMLL010000624.1	Chromosome			unplaced-scaffold	13888			HAP1_SCAFFOLD_808
GCA_964194185.1	Primary Assembly	Un			CAXMLL010000625.1	Chromosome			unplaced-scaffold	19742			HAP1_SCAFFOLD_683
GCA_964194185.1	Primary Assembly	Un			CAXMLL010000626.1	Chromosome			unplaced-scaffold	37929			HAP1_SCAFFOLD_398
GCA_964194185.1	Primary Assembly	Un			CAXMLL010000627.1	Chromosome			unplaced-scaffold	235000			HAP1_SCAFFOLD_122
GCA_964194185.1	Primary Assembly	Un			CAXMLL010000628.1	Chromosome			unplaced-scaffold	29381			HAP1_SCAFFOLD_494
GCA_964194185.1	Primary Assembly	Un			CAXMLL010000629.1	Chromosome			unplaced-scaffold	224208			HAP1_SCAFFOLD_126
GCA_964194185.1	Primary Assembly	Un			CAXMLL010000630.1	Chromosome			unplaced-scaffold	397374			HAP1_SCAFFOLD_76
GCA_964194185.1	Primary Assembly	Un			CAXMLL010000631.1	Chromosome			unplaced-scaffold	1000			HAP1_SCAFFOLD_850
GCA_964194185.1	Primary Assembly	Un			CAXMLL010000632.1	Chromosome			unplaced-scaffold	18635			HAP1_SCAFFOLD_700
GCA_964194185.1	Primary Assembly	Un			CAXMLL010000633.1	Chromosome			unplaced-scaffold	22245			HAP1_SCAFFOLD_630
GCA_964194185.1	Primary Assembly	Un			CAXMLL010000634.1	Chromosome			unplaced-scaffold	108000			HAP1_SCAFFOLD_217
GCA_964194185.1	Primary Assembly	Un			CAXMLL010000635.1	Chromosome			unplaced-scaffold	19210			HAP1_SCAFFOLD_692
GCA_964194185.1	Primary Assembly	Un			CAXMLL010000636.1	Chromosome			unplaced-scaffold	212789			HAP1_SCAFFOLD_135
GCA_964194185.1	Primary Assembly	Un			CAXMLL010000637.1	Chromosome			unplaced-scaffold	18904			HAP1_SCAFFOLD_696
GCA_964194185.1	Primary Assembly	Un			CAXMLL010000638.1	Chromosome			unplaced-scaffold	164000			HAP1_SCAFFOLD_163
GCA_964194185.1	Primary Assembly	Un			CAXMLL010000639.1	Chromosome			unplaced-scaffold	20085			HAP1_SCAFFOLD_673
GCA_964194185.1	Primary Assembly	Un			CAXMLL010000640.1	Chromosome			unplaced-scaffold	117552			HAP1_SCAFFOLD_203
GCA_964194185.1	Primary Assembly	Un			CAXMLL010000641.1	Chromosome			unplaced-scaffold	16836			HAP1_SCAFFOLD_760
GCA_964194185.1	Primary Assembly	Un			CAXMLL010000642.1	Chromosome			unplaced-scaffold	62350			HAP1_SCAFFOLD_311
GCA_964194185.1	Primary Assembly	Un			CAXMLL010000643.1	Chromosome			unplaced-scaffold	432431			HAP1_SCAFFOLD_70
GCA_964194185.1	Primary Assembly	Un			CAXMLL010000644.1	Chromosome			unplaced-scaffold	372882			HAP1_SCAFFOLD_85
GCA_964194185.1	Primary Assembly	Un			CAXMLL010000645.1	Chromosome			unplaced-scaffold	21041			HAP1_SCAFFOLD_654
GCA_964194185.1	Primary Assembly	Un			CAXMLL010000646.1	Chromosome			unplaced-scaffold	101513			HAP1_SCAFFOLD_226
GCA_964194185.1	Primary Assembly	Un			CAXMLL010000647.1	Chromosome			unplaced-scaffold	16411			HAP1_SCAFFOLD_775
GCA_964194185.1	Primary Assembly	Un			CAXMLL010000648.1	Chromosome			unplaced-scaffold	103922			HAP1_SCAFFOLD_222
GCA_964194185.1	Primary Assembly	Un			CAXMLL010000649.1	Chromosome			unplaced-scaffold	22558			HAP1_SCAFFOLD_622
GCA_964194185.1	Primary Assembly	Un			CAXMLL010000650.1	Chromosome			unplaced-scaffold	18370			HAP1_SCAFFOLD_705
GCA_964194185.1	Primary Assembly	Un			CAXMLL010000651.1	Chromosome			unplaced-scaffold	89887			HAP1_SCAFFOLD_254
GCA_964194185.1	Primary Assembly	Un			CAXMLL010000652.1	Chromosome			unplaced-scaffold	397000			HAP1_SCAFFOLD_77
GCA_964194185.1	Primary Assembly	Un			CAXMLL010000653.1	Chromosome			unplaced-scaffold	23802			HAP1_SCAFFOLD_594
GCA_964194185.1	Primary Assembly	Un			CAXMLL010000654.1	Chromosome			unplaced-scaffold	133985			HAP1_SCAFFOLD_183
GCA_964194185.1	Primary Assembly	Un			CAXMLL010000655.1	Chromosome			unplaced-scaffold	23488			HAP1_SCAFFOLD_603
GCA_964194185.1	Primary Assembly	Un			CAXMLL010000656.1	Chromosome			unplaced-scaffold	26262			HAP1_SCAFFOLD_556
GCA_964194185.1	Primary Assembly	Un			CAXMLL010000657.1	Chromosome			unplaced-scaffold	26929			HAP1_SCAFFOLD_547
GCA_964194185.1	Primary Assembly	Un			CAXMLL010000658.1	Chromosome			unplaced-scaffold	26533			HAP1_SCAFFOLD_552
GCA_964194185.1	Primary Assembly	Un			CAXMLL010000659.1	Chromosome			unplaced-scaffold	80000			HAP1_SCAFFOLD_273
GCA_964194185.1	Primary Assembly	Un			CAXMLL010000660.1	Chromosome			unplaced-scaffold	16008			HAP1_SCAFFOLD_780
GCA_964194185.1	Primary Assembly	Un			CAXMLL010000661.1	Chromosome			unplaced-scaffold	67166			HAP1_SCAFFOLD_296
GCA_964194185.1	Primary Assembly	Un			CAXMLL010000662.1	Chromosome			unplaced-scaffold	70000			HAP1_SCAFFOLD_292
GCA_964194185.1	Primary Assembly	Un			CAXMLL010000663.1	Chromosome			unplaced-scaffold	99411			HAP1_SCAFFOLD_230
GCA_964194185.1	Primary Assembly	Un			CAXMLL010000664.1	Chromosome			unplaced-scaffold	175569			HAP1_SCAFFOLD_154
GCA_964194185.1	Primary Assembly	Un			CAXMLL010000665.1	Chromosome			unplaced-scaffold	16749			HAP1_SCAFFOLD_770
GCA_964194185.1	Primary Assembly	Un			CAXMLL010000666.1	Chromosome			unplaced-scaffold	74000			HAP1_SCAFFOLD_283
GCA_964194185.1	Primary Assembly	Un			CAXMLL010000667.1	Chromosome			unplaced-scaffold	17196			HAP1_SCAFFOLD_733
GCA_964194185.1	Primary Assembly	Un			CAXMLL010000668.1	Chromosome			unplaced-scaffold	142681			HAP1_SCAFFOLD_173
GCA_964194185.1	Primary Assembly	Un			CAXMLL010000669.1	Chromosome			unplaced-scaffold	394566			HAP1_SCAFFOLD_78
GCA_964194185.1	Primary Assembly	Un			CAXMLL010000670.1	Chromosome			unplaced-scaffold	35520			HAP1_SCAFFOLD_424
GCA_964194185.1	Primary Assembly	Un			CAXMLL010000671.1	Chromosome			unplaced-scaffold	217729			HAP1_SCAFFOLD_130
GCA_964194185.1	Primary Assembly	Un			CAXMLL010000672.1	Chromosome			unplaced-scaffold	56294			HAP1_SCAFFOLD_328
GCA_964194185.1	Primary Assembly	Un			CAXMLL010000673.1	Chromosome			unplaced-scaffold	127471			HAP1_SCAFFOLD_192
GCA_964194185.1	Primary Assembly	Un			CAXMLL010000674.1	Chromosome			unplaced-scaffold	21919			HAP1_SCAFFOLD_635
GCA_964194185.1	Primary Assembly	Un			CAXMLL010000675.1	Chromosome			unplaced-scaffold	124089			HAP1_SCAFFOLD_196
GCA_964194185.1	Primary Assembly	Un			CAXMLL010000676.1	Chromosome			unplaced-scaffold	20692			HAP1_SCAFFOLD_663
GCA_964194185.1	Primary Assembly	Un			CAXMLL010000677.1	Chromosome			unplaced-scaffold	6000			HAP1_SCAFFOLD_831
GCA_964194185.1	Primary Assembly	Un			CAXMLL010000678.1	Chromosome			unplaced-scaffold	15452			HAP1_SCAFFOLD_789
GCA_964194185.1	Primary Assembly	Un			CAXMLL010000679.1	Chromosome			unplaced-scaffold	95413			HAP1_SCAFFOLD_239
GCA_964194185.1	Primary Assembly	Un			CAXMLL010000680.1	Chromosome			unplaced-scaffold	92315			HAP1_SCAFFOLD_248
GCA_964194185.1	Primary Assembly	Un			CAXMLL010000681.1	Chromosome			unplaced-scaffold	360471			HAP1_SCAFFOLD_90
GCA_964194185.1	Primary Assembly	Un			CAXMLL010000682.1	Chromosome			unplaced-scaffold	29566			HAP1_SCAFFOLD_491
GCA_964194185.1	Primary Assembly	Un			CAXMLL010000683.1	Chromosome			unplaced-scaffold	28145			HAP1_SCAFFOLD_521
GCA_964194185.1	Primary Assembly	Un			CAXMLL010000684.1	Chromosome			unplaced-scaffold	16020			HAP1_SCAFFOLD_779
GCA_964194185.1	Primary Assembly	Un			CAXMLL010000685.1	Chromosome			unplaced-scaffold	188235			HAP1_SCAFFOLD_148
GCA_964194185.1	Primary Assembly	Un			CAXMLL010000686.1	Chromosome			unplaced-scaffold	207816			HAP1_SCAFFOLD_139
GCA_964194185.1	Primary Assembly	Un			CAXMLL010000687.1	Chromosome			unplaced-scaffold	322394			HAP1_SCAFFOLD_96
GCA_964194185.1	Primary Assembly	Un			CAXMLL010000688.1	Chromosome			unplaced-scaffold	1000			HAP1_SCAFFOLD_843
GCA_964194185.1	Primary Assembly	Un			CAXMLL010000689.1	Chromosome			unplaced-scaffold	36211			HAP1_SCAFFOLD_418
GCA_964194185.1	Primary Assembly	Un			CAXMLL010000690.1	Chromosome			unplaced-scaffold	61757			HAP1_SCAFFOLD_314
GCA_964194185.1	Primary Assembly	Un			CAXMLL010000691.1	Chromosome			unplaced-scaffold	18021			HAP1_SCAFFOLD_712
GCA_964194185.1	Primary Assembly	Un			CAXMLL010000692.1	Chromosome			unplaced-scaffold	21191			HAP1_SCAFFOLD_651
GCA_964194185.1	Primary Assembly	Un			CAXMLL010000693.1	Chromosome			unplaced-scaffold	17911			HAP1_SCAFFOLD_716
GCA_964194185.1	non-nuclear	MT	7343	43.5	OZ077446.1	Mitochondrion			assembled-molecule	16854			scaffold_MT_1
